The 80-Pounds-Down Proof Seeker	cant-evaluate-it	peer-proof,quantified-outcome	graphic
The 8PM Craving Negotiator	named-hour	ritual-construction	product-only
The 9AM Meeting Survivor	named-hour	identity-display	graphic
The Accidental-Discovery Watcher	first-time-in-category	peer-proof	peer-to-camera
The Ambient Morning Ritualist	named-hour	ritual-construction	product-only
The Anti-Supplement Gut Fixer	quitting-an-incumbent	absence-screening	graphic
The Apology-Discount Recipient	waiting-for-the-price	scarcity-or-apology,value-arithmetic	graphic
The Avoidance-Story Listener	rules-stopped-working	peer-proof	peer-to-camera
The Bar-Fatigued Real-Food Believer	expects-it-to-be-unpleasant	absence-screening	product-only
The Bedtime Ritual Builder	named-hour	ritual-construction	product-only
The BOGO Deadline Responder	waiting-for-the-price	value-arithmetic,scarcity-or-apology	product-only
The Breakfast Rule-Breaker	named-hour	identity-display	product-only
The Breakfast-Protein Problem-Solver	named-hour	quantified-outcome	product-only
The Bulk Case Buyer	restocking	value-arithmetic	product-only
The Bulk Sachet Stocker	restocking	value-arithmetic	product-only
The Bulk-Box Household Stocker	buying-for-someone-else	value-arithmetic	peer-to-camera
The Bulk-Value Gummy Skeptic	vetting-ingredients	spectacle-demo	peer-to-camera
The Buyer Who Asked Why It Costs That Much	waiting-for-the-price	peer-proof,origin-transparency	peer-to-camera
The Candy-Aisle Convert	expects-it-to-be-unpleasant	spectacle-demo	product-only
The Celebrity-Anchored Skeptic	cant-evaluate-it	borrowed-authority	celebrity
The Celebrity-Trust Transferer	cant-evaluate-it	borrowed-authority	celebrity
The Chef-Endorsed Home Cook	cant-evaluate-it	borrowed-authority	celebrity
The Chicken-Snack Seeker	choosing-a-variant	retail-verification	product-only
The Childhood-Treat Comparator	expects-it-to-be-unpleasant	spectacle-demo	peer-to-camera
The Clean-Label Lifter	vetting-ingredients	absence-screening	graphic
The Clinically-Studied Ingredient Shopper	cant-evaluate-it	borrowed-authority,quantified-outcome	product-only
The Coded-Discount Taker	waiting-for-the-price	value-arithmetic	product-only
The Coffee Creamer Defector	quitting-an-incumbent	quantified-outcome	product-only
The College Athlete's Shelf	seen-owning-it	borrowed-authority	athlete
The Colostrum-Curious Upgrader	optimising-a-stack	origin-transparency	product-only
The Commuting Energy Seeker	named-hour	ritual-construction	athlete
The Convenience-Store Cost Escapee	quitting-an-incumbent	value-arithmetic	graphic
The Cookware Upgrader	optimising-a-stack	identity-display	product-only
The Cost-Per-Meal Calculator	waiting-for-the-price	value-arithmetic	graphic
The Creatine-In-Everything Lifter	optimising-a-stack	quantified-outcome	product-only
The Cross-Section Inspector	expects-it-to-be-unpleasant	spectacle-demo	peer-to-camera
The Daily-Habit Builder	named-hour	ritual-construction	product-only
The Deep-Discount Waiter	waiting-for-the-price	value-arithmetic	graphic
The Desk-Bound Snacker	named-hour	ritual-construction	peer-to-camera
The Dessert-Identity Snacker	seen-owning-it	identity-display	product-only
The Disgust-Triggered Switcher	quitting-an-incumbent	absence-screening,naming-the-shame	graphic
The Dog Owner Who Reads Labels	buying-for-someone-else	peer-proof	product-only
The Face-To-Camera Convert	cant-evaluate-it	peer-proof	peer-to-camera
The Feed-Native Scroller	seen-owning-it	identity-display	product-only
The First-Responder Discipline Archetype	seen-owning-it	identity-display	athlete
The Flavor-Drop Follower	choosing-a-variant	scarcity-or-apology	product-only
The Flavour-Curious Deal Taker	choosing-a-variant	value-arithmetic	product-only
The Flavour-Line Completist	choosing-a-variant	identity-display	product-only
The Flavour-Switching Bulker	choosing-a-variant	value-arithmetic	product-only
The Founder-Integrity Tester	cant-evaluate-it	origin-transparency	founder
The Founder-Vouched Buyer	cant-evaluate-it	origin-transparency	founder
The Franchise Loyalist	seen-owning-it	identity-display	graphic
The Free-Shaker Threshold Buyer	waiting-for-the-price	value-arithmetic	product-only
The Fruit-Punch Nostalgic	choosing-a-variant	identity-display	product-only
The Gaming-IP Collector	seen-owning-it	identity-display	graphic
The Glovebox Stocker	named-hour	ritual-construction	product-only
The GLP-1 Patient Afraid of Losing Muscle	on-a-protocol	quantified-outcome	graphic
The GLP-1 Patient Whose Appetite Vanished	on-a-protocol	quantified-outcome	graphic
The GLP-1 User With Sulfur Burps and Constipation	on-a-protocol	naming-the-shame	product-only
The Guilt-Free Dessert Rationaliser	expects-it-to-be-unpleasant	identity-display	product-only
The Gym-Bag Flat-Lay Owner	seen-owning-it	identity-display	product-only
The Gym-Before-Work Breakfaster	named-hour	quantified-outcome	product-only
The Gym-Floor Realist	cant-evaluate-it	peer-proof	athlete
The Home-Bar Aspirant	seen-owning-it	identity-display,borrowed-authority	product-only
The Household Habit Setter	buying-for-someone-else	ritual-construction	product-only
The Ingredient Flat-Lay Reader	vetting-ingredients	origin-transparency	product-only
The Ingredient-List Auditor	vetting-ingredients	absence-screening	graphic
The Kitchen-Counter Mixer	expects-it-to-be-unpleasant	spectacle-demo	peer-to-camera
The Label Investigator	vetting-ingredients	absence-screening,spectacle-demo	product-only
The Lifestyle-Adjacent Follower	seen-owning-it	identity-display	peer-to-camera
The Limited-Drop Chaser	seen-owning-it	scarcity-or-apology	product-only
The Longevity-Minded Dog Owner	buying-for-someone-else	quantified-outcome	product-only
The Lunchbox Buyer	buying-for-someone-else	absence-screening	product-only
The Macro Purist's Opponent	rules-stopped-working	peer-proof	peer-to-camera
The Macro-Disciplined Aesthete	optimising-a-stack	quantified-outcome	product-only
The Man Who Buys Another Man's Discipline	cant-evaluate-it	borrowed-authority	celebrity
The Man Who Eats the Whole Box	optimising-a-stack	quantified-outcome	graphic
The Man Who Has Not Done the Maths	vetting-ingredients	quantified-outcome	product-only
The Manufacturing-Floor Skeptic	vetting-ingredients	origin-transparency	graphic
The Microplastic-Aware Householder	vetting-ingredients	absence-screening	product-only
The Oatmeal Skeptic	expects-it-to-be-unpleasant	spectacle-demo	product-only
The Organic-Label Reader	vetting-ingredients	absence-screening	product-only
The Overnight-Oats Optimizer	named-hour	ritual-construction	product-only
The Pantry-Format Switcher	restocking	identity-display	product-only
The Parent of a Vegetable Refuser	buying-for-someone-else	spectacle-demo	graphic
The Parent Who Reads the Label and Puts It Back	buying-for-someone-else	absence-screening	peer-to-camera
The Personalisation Seeker	choosing-a-variant	borrowed-authority	product-only
The Poolside Refresher	life-event	identity-display	product-only
The Portion-Format Convert	choosing-a-variant	quantified-outcome	product-only
The Post-Workout Recipe Follower	routine-as-content	ritual-construction	peer-to-camera
The Post-Workout Treat Permitter	named-hour	identity-display	peer-to-camera
The Premium-Chocolate Stash Builder	restocking	value-arithmetic	product-only
The Quiet-Result Reporter	cant-evaluate-it	peer-proof	peer-to-camera
The Range-Completing Owner	restocking	scarcity-or-apology	product-only
The Real-Food Dog Feeder	buying-for-someone-else	spectacle-demo	product-only
The Recovery-Score Optimiser	optimising-a-stack	quantified-outcome	graphic
The Result-In-The-Glass Watcher	expects-it-to-be-unpleasant	spectacle-demo	peer-to-camera
The Return-To-Nature Consumer	vetting-ingredients	absence-screening,origin-transparency	product-only
The Review-Wall Reader	cant-evaluate-it	peer-proof	graphic
The Scarcity-Driven Kitchen Collector	seen-owning-it	scarcity-or-apology	product-only
The Seed-Oil Avoider	vetting-ingredients	absence-screening	product-only
The Sensory Demo Watcher	expects-it-to-be-unpleasant	spectacle-demo	product-only
The Shake Replacer	quitting-an-incumbent	ritual-construction	product-only
The Shelf-Recognition Shopper	restocking	retail-verification	product-only
The Shirtless Kitchen Proof	cant-evaluate-it	peer-proof	athlete
The Single-Ingredient Believer	vetting-ingredients	absence-screening	product-only
The Skeptical Flavor Auditor	expects-it-to-be-unpleasant	peer-proof	peer-to-camera
The Snack-Sharing Mother	buying-for-someone-else	absence-screening	peer-to-camera
The Snack-Swap Household Buyer	buying-for-someone-else	ritual-construction	product-only
The Soda Habit Replacer	quitting-an-incumbent	spectacle-demo	product-only
The Sponsored-Athlete Believer	cant-evaluate-it	borrowed-authority	athlete
The Sprouts Aisle Convert	first-time-in-category	retail-verification	product-only
The Stage-Authority Follower	cant-evaluate-it	borrowed-authority	celebrity
The Street-Interview Believer	cant-evaluate-it	peer-proof	stranger
The Street-Stopped Stranger	cant-evaluate-it	peer-proof	stranger
The Stress-Aware Self-Optimizer	optimising-a-stack	borrowed-authority	peer-to-camera
The Stress-Relief Self-Prescriber	body-changed-overnight	blame-relocation	product-only
The Sugar-First Ingredient Objector	vetting-ingredients	absence-screening	peer-to-camera
The Supplement-Stack Abandoner	rules-stopped-working	ritual-construction	peer-to-camera
The Switching Dog Parent	quitting-an-incumbent	peer-proof	product-only
The Tailgate Outdoorsman	life-event	identity-display	product-only
The Taste Skeptic Being Ambushed	expects-it-to-be-unpleasant	peer-proof	peer-to-camera
The Taste-Test Skeptic	expects-it-to-be-unpleasant	peer-proof	peer-to-camera
The Texture-Led Buyer	expects-it-to-be-unpleasant	spectacle-demo	product-only
The Trial-Pack Toe-Dipper	first-time-in-category	value-arithmetic	product-only
The Twenty-Something Morning Documentarian	routine-as-content	identity-display	peer-to-camera
The Visible-Result Athlete	cant-evaluate-it	borrowed-authority	athlete
The Vitamin-Label Checker	vetting-ingredients	absence-screening	peer-to-camera
The Week-by-Week Progress Tracker	body-changed-overnight	quantified-outcome	graphic
The Welcome-Gift Subscriber	waiting-for-the-price	value-arithmetic	product-only
The Welcome-Kit Arbitrageur	waiting-for-the-price	value-arithmetic	product-only
The Whole-Food Purist	vetting-ingredients	absence-screening	product-only
The Woman Watching Her Hair Thin	body-changed-overnight	quantified-outcome	product-only
The 40-Something Told She Just Let Herself Go	body-changed-overnight	blame-relocation	peer-to-camera
The Aesthetic UTI Sufferer	unsayable-symptom	identity-display	product-only
The Comment-Section Believer	cant-evaluate-it	peer-proof	graphic
The Consistency-Discounted Subscriber	restocking	value-arithmetic	product-only
The Cortisol Explainer	body-changed-overnight	blame-relocation	product-only
The Dated-Deadline Dieter	life-event	quantified-outcome	graphic
The Fifty-Something Comparison Shopper	body-changed-overnight	borrowed-authority	celebrity
The Forty-Something Whose Body Changed Without Warning	body-changed-overnight	blame-relocation	peer-to-camera
The Mechanism-Wanting Skeptic	rules-stopped-working	quantified-outcome	graphic
The Menopausal Woman With Joint Pain	body-changed-overnight	borrowed-authority	clinician-figure
The Red-Flag Self-Diagnoser	body-changed-overnight	blame-relocation	graphic
The Spanish-Speaking Routine Sharer	routine-as-content	peer-proof	peer-to-camera
The Spanish-Speaking Try-Before-Buy Shopper	first-time-in-category	risk-reversal	peer-to-camera
The Still-Moving Older Woman	body-changed-overnight	peer-proof	peer-to-camera
The Texture-First Skincare Buyer	expects-it-to-be-unpleasant	spectacle-demo	peer-to-camera
The Under-Eye Self-Auditor	body-changed-overnight	spectacle-demo	peer-to-camera
The Vernacular-First Confidante	unsayable-symptom	naming-the-shame	peer-to-camera
The Woman Cataloguing Her Own Symptoms	body-changed-overnight	blame-relocation	peer-to-camera
The Woman Doing Everything Right And Getting Nowhere	rules-stopped-working	blame-relocation	graphic
The Woman Quietly Managing PCOS Symptoms	unsayable-symptom	spectacle-demo	graphic
The Woman Snapping At Her Family	unsayable-symptom	blame-relocation	graphic
The Woman Who Followed the Fat-Loss Rules and Got Worse	rules-stopped-working	blame-relocation	peer-to-camera
The Woman Who Named Her Belly "Menobelly"	body-changed-overnight	blame-relocation	peer-to-camera
The Woman Who Stopped Taking It	restocking	peer-proof	peer-to-camera
The Woman Whose Forties Arrived Overnight	body-changed-overnight	blame-relocation	peer-to-camera
The Woman Whose Sex Life Became a Health Problem	unsayable-symptom	naming-the-shame	product-only
The 4AM Thirst Sufferer	named-hour	naming-the-shame	peer-to-camera
The Alt-Health Researcher	rules-stopped-working	borrowed-authority	clinician-figure
The Amazon-Native Buyer	restocking	retail-verification	product-only
The At-Home Barista Without A Machine	quitting-an-incumbent	value-arithmetic	peer-to-camera
The Bed-Rotting Girlie	rules-stopped-working	naming-the-shame	graphic
The Bedrotting Self-Diagnoser	rules-stopped-working	naming-the-shame	graphic
The Bundle Arithmetician	waiting-for-the-price	value-arithmetic	product-only
The Bundle-Maximiser	waiting-for-the-price	value-arithmetic	product-only
The Christmas-Bedding Refresher	life-event	identity-display	peer-to-camera
The Coconut-Water Ranker	choosing-a-variant	peer-proof	peer-to-camera
The Coffee Swapper Who Wants a Flat Stomach	quitting-an-incumbent	blame-relocation	product-only
The Coffeemaxxing Optimiser	optimising-a-stack	identity-display	peer-to-camera
The Collector Rather Than Hoarder	restocking	identity-display	product-only
The Colour-First Can Chooser	choosing-a-variant	identity-display	product-only
The Credentialed-Nootropic Buyer	cant-evaluate-it	borrowed-authority	graphic
The Domestic-Ambience Buyer	seen-owning-it	identity-display	peer-to-camera
The Dopamine-Depleted Young Man	on-a-protocol	naming-the-shame	graphic
The Dose-Curious Ritualist	named-hour	ritual-construction	product-only
The Eat-Whatever-You-Want Believer	rules-stopped-working	quantified-outcome	graphic
The Festival Crowd Member	seen-owning-it	identity-display	stranger
The First-Dose Storyteller's Audience	cant-evaluate-it	peer-proof	peer-to-camera
The Flavour-Drop Follower	choosing-a-variant	scarcity-or-apology	product-only
The Free-Accessory Collector	waiting-for-the-price	value-arithmetic	product-only
The Fridge-Stockpiler	restocking	identity-display	graphic
The Guest-Room Preparer	life-event	identity-display	product-only
The Gym-Adjacent Protein Adder	optimising-a-stack	quantified-outcome	peer-to-camera
The Healthier-Latte Series Follower	routine-as-content	ritual-construction	peer-to-camera
The Holiday Indulgence Rationaliser	life-event	identity-display	product-only
The Hot Sleeper	unsayable-symptom	quantified-outcome	product-only
The Household-Routine Watcher	seen-owning-it	identity-display	peer-to-camera
The Ingredient-Texture Watcher	vetting-ingredients	spectacle-demo	product-only
The Kitchen-Counter Aesthete	seen-owning-it	identity-display	product-only
The Man Asked What He Carries	seen-owning-it	identity-display	peer-to-camera
The Man Preparing To Be Seen	life-event	identity-display	peer-to-camera
The Man Who Calls It a Beer Belly	body-changed-overnight	naming-the-shame	product-only
The Mushroom-Coffee Comparison Shopper	choosing-a-variant	peer-proof	peer-to-camera
The Nostalgia-Truck Buyer	seen-owning-it	identity-display	graphic
The Period-Drama Escapist	seen-owning-it	identity-display	graphic
The Poolside Flavour Seeker	life-event	identity-display	product-only
The Potency-Grade Reader	vetting-ingredients	quantified-outcome	product-only
The Premium-Honey Justifier	waiting-for-the-price	quantified-outcome	product-only
The Side-By-Side Taster	expects-it-to-be-unpleasant	spectacle-demo	peer-to-camera
The Spanish-Language Wellness Listener	cant-evaluate-it	borrowed-authority	peer-to-camera
The Sparkling-Format Switcher	choosing-a-variant	identity-display	product-only
The Sponsored-Athlete Watcher	cant-evaluate-it	borrowed-authority	athlete
The Stanley-Cup Ritualist	routine-as-content	identity-display	peer-to-camera
The Starbucks Order Recreator	quitting-an-incumbent	value-arithmetic	peer-to-camera
The Stock-Up Deal Hunter	waiting-for-the-price	value-arithmetic	product-only
The Student Facing Finals Without a Prescription	on-a-protocol	borrowed-authority	product-only
The Texture-Pour Watcher	expects-it-to-be-unpleasant	spectacle-demo	product-only
The Unboxing Gift-Giver	buying-for-someone-else	identity-display	peer-to-camera
The Which-One-Should-I-Buy Asker	choosing-a-variant	peer-proof	peer-to-camera
The Winter Reset Subscriber	life-event	ritual-construction	product-only
The Woman Dreading Summer Nights	unsayable-symptom	quantified-outcome	peer-to-camera
The Woman Watching Her Belly Month by Month	body-changed-overnight	quantified-outcome	graphic
The Aesthetic Bathroom Shopper	seen-owning-it	identity-display	product-only
The Aesthetic-Procedure Curious	quitting-an-incumbent	borrowed-authority	product-only
The Age-Spot Noticer	body-changed-overnight	quantified-outcome	product-only
The Anti-Ageing Crossover Buyer	body-changed-overnight	value-arithmetic	product-only
The Arab Girlie With Peach Fuzz	unsayable-symptom	peer-proof	peer-to-camera
The ASMR Routine Watcher	routine-as-content	spectacle-demo	product-only
The At-Home Aftercare Adopter	unsayable-symptom	ritual-construction	peer-to-camera
The At-Home Device Sceptic Being Won Over	rules-stopped-working	peer-proof	peer-to-camera
The Bathroom-Cabinet Restocker	restocking	value-arithmetic	peer-to-camera
The Blade-Count Logic Follower	choosing-a-variant	quantified-outcome	graphic
The Bundle Comparison Reader	choosing-a-variant	value-arithmetic	product-only
The Character-Collaboration Collector	seen-owning-it	identity-display	product-only
The Clinic-Price Refuser	quitting-an-incumbent	value-arithmetic	graphic
The Cola-Stain Worrier	unsayable-symptom	spectacle-demo	product-only
The College Move-In Shopper	life-event	value-arithmetic	product-only
The College-Football Tribalist	seen-owning-it	identity-display	graphic
The Colour-Theory Curious	expects-it-to-be-unpleasant	spectacle-demo	graphic
The Courtside Accessory Watcher	seen-owning-it	identity-display	celebrity
The Disposable-Razor Accumulator	quitting-an-incumbent	value-arithmetic	product-only
The Esthetician Buying for Her Back Bar	buying-for-someone-else	value-arithmetic	product-only
The Everything-Shower Ritualist	routine-as-content	ritual-construction	graphic
The Expressive-Reaction Follower	cant-evaluate-it	peer-proof	peer-to-camera
The Face-Shaver Upgrading Hardware	optimising-a-stack	spectacle-demo	product-only
The Fantasy-Ritual Aesthete	routine-as-content	identity-display	peer-to-camera
The First-Order Discount Taker	first-time-in-category	value-arithmetic	peer-to-camera
The Fragrance-Tier Chooser	choosing-a-variant	identity-display	graphic
The Free-Gift-Threshold Shopper	waiting-for-the-price	value-arithmetic	product-only
The Free-Product Pile Believer	waiting-for-the-price	scarcity-or-apology	graphic
The Gift-Set Buyer	buying-for-someone-else	identity-display	product-only
The Girl With Nothing On At 6PM	named-hour	ritual-construction	peer-to-camera
The Guy Who Wants the Scent Girls Notice	seen-owning-it	peer-proof	peer-to-camera
The Hand-Result Reporter	body-changed-overnight	peer-proof	peer-to-camera
The Holiday-Prep Groomer	life-event	ritual-construction	product-only
The Honest-Result Demander	rules-stopped-working	peer-proof	peer-to-camera
The Ingrown-Fix Searcher	unsayable-symptom	quantified-outcome	product-only
The Ingrown-Hair Sufferer	unsayable-symptom	naming-the-shame	graphic
The Last-Minute Date Preparer	life-event	ritual-construction	product-only
The Locker-Room Joke Audience	seen-owning-it	naming-the-shame	graphic
The Man Asking About Down There	unsayable-symptom	naming-the-shame	clinician-figure
The Man Comparing Against The Drawer	quitting-an-incumbent	spectacle-demo	graphic
The Man Who Wants Clinic Results Without a Clinic	quitting-an-incumbent	borrowed-authority	clinician-figure
The Man With A Chaotic Grooming Drawer	quitting-an-incumbent	naming-the-shame	graphic
The Mess-Tolerant Realist	rules-stopped-working	peer-proof	peer-to-camera
The Minimal-Object Aesthete	seen-owning-it	identity-display	product-only
The Mistake-Deal Pouncer	waiting-for-the-price	scarcity-or-apology	graphic
The Packing-Cube Traveler	life-event	identity-display	product-only
The Postpartum Woman With PCOS	unsayable-symptom	peer-proof	peer-to-camera
The Price-Anchored Drugstore Defector	quitting-an-incumbent	value-arithmetic	product-only
The Razor-As-Self-Expression Buyer	seen-owning-it	identity-display	product-only
The Review-Screenshot Scanner	cant-evaluate-it	peer-proof	graphic
The Salon Client Who Waited Too Long	rules-stopped-working	peer-proof	peer-to-camera
The Science-Experiment Watcher	expects-it-to-be-unpleasant	spectacle-demo	graphic
The Seasonal Scent Switcher	life-event	identity-display	product-only
The Sensitive-Skin Shaver	unsayable-symptom	absence-screening	product-only
The Sensory-Jar Buyer	expects-it-to-be-unpleasant	spectacle-demo	product-only
The Shark-Tank Validated Shopper	cant-evaluate-it	borrowed-authority	celebrity
The Shaving-Fatigued Bikini-Line Owner	unsayable-symptom	naming-the-shame	product-only
The Single-Problem Solver	choosing-a-variant	spectacle-demo	product-only
The Single-Quote Convert	cant-evaluate-it	peer-proof	product-only
The Spanish-Speaking At-Home Laser Convert	quitting-an-incumbent	peer-proof	peer-to-camera
The Special-Edition Grooming Buyer	seen-owning-it	scarcity-or-apology	product-only
The Sub-Five-Dollar Impulse Buyer	waiting-for-the-price	value-arithmetic	peer-to-camera
The Surreal-Ad Rememberer	seen-owning-it	spectacle-demo	graphic
The Sweat-Anxious Man	unsayable-symptom	spectacle-demo	peer-to-camera
The Target-Aisle Verifier	restocking	retail-verification	peer-to-camera
The Time-Blocked Router	routine-as-content	ritual-construction	graphic
The Ulta-Aisle Discoverer	restocking	retail-verification	peer-to-camera
The Unboxing Evaluator	first-time-in-category	spectacle-demo	peer-to-camera
The Underarm-First Practical Buyer	first-time-in-category	spectacle-demo	peer-to-camera
The Woman Noticing Her Hands	body-changed-overnight	quantified-outcome	peer-to-camera
The Woman Reclaiming Confidence In Her Own Body	unsayable-symptom	identity-display	peer-to-camera
The Woman Who Saw Someone Older With Better Hands	body-changed-overnight	peer-proof	peer-to-camera
The Woman With Chin Hair She Tells No One About	unsayable-symptom	naming-the-shame	product-only
The Artist-Collaboration Buyer	seen-owning-it	identity-display	product-only
The Aspirational-Dressing Watcher	seen-owning-it	identity-display	peer-to-camera
The Authenticity-Signalling Buyer	seen-owning-it	origin-transparency	graphic
The Awards-Badge Deferrer	cant-evaluate-it	borrowed-authority	product-only
The Bangs Regretter	body-changed-overnight	peer-proof	peer-to-camera
The Barbershop-Culture Buyer	seen-owning-it	identity-display	graphic
The Big-Colour Committer	first-time-in-category	spectacle-demo	peer-to-camera
The Bold-Colour Client	choosing-a-variant	absence-screening	peer-to-camera
The Buildup-Obsessed Scalp Watcher	unsayable-symptom	spectacle-demo	product-only
The Category Sceptic Holding The Bottle	first-time-in-category	peer-proof	peer-to-camera
The Clean-Beauty Shelf Curator	seen-owning-it	identity-display	product-only
The Cleansing-Without-Stripping Convert	quitting-an-incumbent	absence-screening	peer-to-camera
The Club-Store Bulk Buyer	restocking	value-arithmetic	product-only
The Coastal-Life Aspirant	seen-owning-it	identity-display	peer-to-camera
The Colour-Name Shopper	choosing-a-variant	identity-display	product-only
The Colour-Treated Protector	restocking	absence-screening	product-only
The Costco Aisle Convert	restocking	retail-verification	product-only
The Curl-Type Matcher	choosing-a-variant	peer-proof	peer-to-camera
The Curly-Hair Colour Sceptic	expects-it-to-be-unpleasant	peer-proof	peer-to-camera
The Curly-Hair Time Economist	named-hour	quantified-outcome	product-only
The Damage-Repair Loyalist	restocking	borrowed-authority	product-only
The Deadpan Reviewer's Audience	cant-evaluate-it	peer-proof	peer-to-camera
The Drop-Watching Colour Fan	seen-owning-it	scarcity-or-apology	product-only
The Editor-Approved Shopper	cant-evaluate-it	borrowed-authority	product-only
The Effortless-Texture Aspirant	seen-owning-it	identity-display	peer-to-camera
The Fine-Hair Volume Seeker	body-changed-overnight	spectacle-demo	product-only
The Frizz-Fighter Who Nearly Quit	rules-stopped-working	peer-proof	peer-to-camera
The Full-Range Displayer	restocking	identity-display	product-only
The Gadget-Curious Beauty Buyer	optimising-a-stack	spectacle-demo	peer-to-camera
The Get-The-Look Copier	seen-owning-it	peer-proof	peer-to-camera
The Glass-Hair Aspirant	seen-owning-it	spectacle-demo	peer-to-camera
The Hair-Damage-Avoiding Sleeper	unsayable-symptom	absence-screening	product-only
The Lately-I've-Been-Using Storyteller	cant-evaluate-it	peer-proof	peer-to-camera
The Low-Maintenance Man	named-hour	quantified-outcome	peer-to-camera
The Man Who Just Started Caring About His Hair	first-time-in-category	naming-the-shame	product-only
The Mirror-Check Styler	routine-as-content	spectacle-demo	peer-to-camera
The No-Makeup-Makeup Translator	seen-owning-it	identity-display	product-only
The Oily-Roots-Dry-Ends Sufferer	unsayable-symptom	spectacle-demo	peer-to-camera
The One-Product Simplifier	optimising-a-stack	quantified-outcome	peer-to-camera
The Order-Of-Operations Asker	choosing-a-variant	ritual-construction	graphic
The Partner-Recommended Discoverer	cant-evaluate-it	peer-proof	peer-to-camera
The Pomade Traditionalist	seen-owning-it	identity-display	product-only
The Product-In-Hand Explainer	cant-evaluate-it	peer-proof	peer-to-camera
The Quiet-Luxury Shelf Buyer	seen-owning-it	identity-display	product-only
The Refill-Pouch Buyer	restocking	value-arithmetic	product-only
The Regimen Buyer	optimising-a-stack	ritual-construction	product-only
The Retail-Aisle Discoverer	restocking	retail-verification	peer-to-camera
The Reviewed-and-Discounted Buyer	waiting-for-the-price	peer-proof,value-arithmetic	product-only
The Rice-Water Trend Follower	seen-owning-it	peer-proof	peer-to-camera
The Rugged-Grooming Adopter	seen-owning-it	identity-display	peer-to-camera
The Sale-Waiting Stockpiler	waiting-for-the-price	value-arithmetic	graphic
The Salon-Technique Watcher	cant-evaluate-it	spectacle-demo	product-only
The Second-Day Hair Manager	named-hour	quantified-outcome	peer-to-camera
The Sephora Cross-Shopper	restocking	retail-verification	peer-to-camera
The Serum Spec-Reader	vetting-ingredients	quantified-outcome	product-only
The Shedding-Panicked Washer	body-changed-overnight	naming-the-shame	peer-to-camera
The Shine-Metric Shopper	choosing-a-variant	quantified-outcome	product-only
The Silky-Result Reviewer	cant-evaluate-it	peer-proof	product-only
The Sleek-Finish Chaser	seen-owning-it	spectacle-demo	peer-to-camera
The Spectacle-Demo Watcher	expects-it-to-be-unpleasant	spectacle-demo	peer-to-camera
The Street-Poster Discoverer	first-time-in-category	identity-display	graphic
The Stylist Reselling In-Chair	buying-for-someone-else	value-arithmetic	graphic
The Stylist-Validated Convert	cant-evaluate-it	borrowed-authority	graphic
The Surfer-Look Aspirant	seen-owning-it	identity-display	product-only
The System Buyer	optimising-a-stack	ritual-construction	product-only
The Texture-Curious Butter Buyer	expects-it-to-be-unpleasant	spectacle-demo	product-only
The Tin-Brand Loyalist	restocking	identity-display	product-only
The Travel-Size Sampler	first-time-in-category	risk-reversal	product-only
The Travel-Size Trialist	first-time-in-category	risk-reversal	product-only
The Try-Before-You-Buy Convert	first-time-in-category	risk-reversal	graphic
The Two-Flavour Variety Buyer	choosing-a-variant	value-arithmetic	product-only
The Volume-That-Lasts Sceptic	rules-stopped-working	quantified-outcome	product-only
The Waitlist Believer	cant-evaluate-it	scarcity-or-apology	product-only
The Walmart Basket Filler	restocking	retail-verification	product-only
The Wash-Day Documenter	routine-as-content	ritual-construction	peer-to-camera
The Will-It-Work-For-My-Hair Doubter	rules-stopped-working	risk-reversal	graphic
The Woman Talking Straight To Camera	cant-evaluate-it	peer-proof	peer-to-camera
The Woman With Irish Curls	choosing-a-variant	peer-proof	peer-to-camera
The Zero-Risk Trialist	first-time-in-category	risk-reversal	graphic
The Bar-Discovery Storyteller	first-time-in-category	peer-proof	peer-to-camera
The Barefoot-Shoe Adjacent Buyer	seen-owning-it	origin-transparency	graphic
The Capsule-Wardrobe Builder	seen-owning-it	identity-display	product-only
The Car-Seat Confessor	cant-evaluate-it	peer-proof	peer-to-camera
The Coconut-Bite Comparator	expects-it-to-be-unpleasant	spectacle-demo	product-only
The Cold-Footed Sleeper	unsayable-symptom	quantified-outcome	product-only
The Commuter With Tired Legs	named-hour	quantified-outcome	peer-to-camera
The Converted Sceptic	rules-stopped-working	peer-proof	stranger
The Cyber-Monday Stacker	waiting-for-the-price	value-arithmetic	graphic
The Day-Count Documenter	routine-as-content	quantified-outcome	peer-to-camera
The Designer-Dupe Fluent Shopper	quitting-an-incumbent	value-arithmetic	product-only
The Dessert-Flavour Skimmer	choosing-a-variant	identity-display	product-only
The Dip-Count Detail Reader	vetting-ingredients	origin-transparency	product-only
The Fabric-Label Checker	vetting-ingredients	absence-screening	peer-to-camera
The Fifty-Something Man With A Number	body-changed-overnight	quantified-outcome	graphic
The Foot-Function Believer	vetting-ingredients	origin-transparency	product-only
The Free-Pair Threshold Buyer	waiting-for-the-price	value-arithmetic,scarcity-or-apology	graphic
The Guarantee-Anchored Buyer	first-time-in-category	risk-reversal	graphic
The Joint-Pain Sufferer Who Wants to See Inside	rules-stopped-working	spectacle-demo	graphic
The Kitchen-Island Explainer	cant-evaluate-it	peer-proof	peer-to-camera
The Label-Reading Sceptic On Camera	vetting-ingredients	absence-screening	peer-to-camera
The Last-Chance Stacker	waiting-for-the-price	scarcity-or-apology	product-only
The Limited-Flavour Completist	seen-owning-it	scarcity-or-apology	product-only
The Long-Term Acne Sufferer Drawing It Herself	rules-stopped-working	peer-proof	graphic
The Macro-Checking Flavour Buyer	choosing-a-variant	quantified-outcome	product-only
The Man Deciding Between Natural and TRT	on-a-protocol	blame-relocation	peer-to-camera
The Man Measuring Performance in Minutes	unsayable-symptom	quantified-outcome	graphic
The Man Reading His Body As Symptoms	body-changed-overnight	blame-relocation	graphic
The Man Who Blames Cortisol, Not Beer	body-changed-overnight	blame-relocation	graphic
The Man Who Wants to Be Asked What He's Wearing	seen-owning-it	peer-proof	product-only
The Man Whose Doctor Ran Out of Options	rules-stopped-working	borrowed-authority	graphic
The Man With Moobs and a Summer Deadline	body-changed-overnight	naming-the-shame	graphic
The Man With Swamp Foot At Work	unsayable-symptom	naming-the-shame	graphic
The Material-Science Curious Runner	vetting-ingredients	origin-transparency	athlete
The Minimal-Brand Trustor	seen-owning-it	identity-display	product-only
The Mother of a Teenage Boy	buying-for-someone-else	peer-proof	graphic
The Multi-Symptom Acne Sufferer	unsayable-symptom	quantified-outcome	graphic
The Natural-Dye Aesthete	vetting-ingredients	origin-transparency	product-only
The Natural-Remedy Seeker	vetting-ingredients	absence-screening	product-only
The New-Flavour Announcement Follower	restocking	scarcity-or-apology	product-only
The Non-Toxic Activewear Convert	vetting-ingredients	absence-screening	graphic
The Older Endurance Athlete	seen-owning-it	peer-proof	athlete
The Older Male Authority	cant-evaluate-it	borrowed-authority	peer-to-camera
The Overstock Opportunist	waiting-for-the-price	scarcity-or-apology	graphic
The Podcast-Pilled Man	cant-evaluate-it	peer-proof	peer-to-camera
The Polyester Objector	vetting-ingredients	absence-screening	graphic
The Price-Objection Preempter	waiting-for-the-price	value-arithmetic	graphic
The Process-Watching Buyer	vetting-ingredients	origin-transparency	graphic
The Provenance-Led Apparel Buyer	vetting-ingredients	origin-transparency	product-only
The Rack-Comparison Shopper	quitting-an-incumbent	spectacle-demo	product-only
The Restaurant-Standard Taster	expects-it-to-be-unpleasant	peer-proof	product-only
The Self-Diagnosing Leg-Ache Sufferer	unsayable-symptom	quantified-outcome	peer-to-camera
The Shade-Depth Chooser	choosing-a-variant	origin-transparency	product-only
The Side-By-Side Dupe Verifier	quitting-an-incumbent	spectacle-demo	product-only
The Sold-Out Bandwagon Joiner	waiting-for-the-price	scarcity-or-apology	graphic
The Sweat-Prone Sock Wearer	unsayable-symptom	absence-screening	product-only
The Toe-Sock Curious	first-time-in-category	spectacle-demo	product-only
The Twelve-Year Acne Veteran	rules-stopped-working	quantified-outcome	graphic
The Viral-Product Latecomer	cant-evaluate-it	peer-proof	graphic
The Acne-Portfolio Chooser	choosing-a-variant	quantified-outcome	product-only
The Ambient-Mood Buyer	seen-owning-it	identity-display	product-only
The Base-Layer Perfectionist	optimising-a-stack	ritual-construction	product-only
The Best-Seller-Plus-Code Buyer	waiting-for-the-price	value-arithmetic	product-only
The Body-Care Upgrader	optimising-a-stack	identity-display	peer-to-camera
The Celebrity-Founder Follower	cant-evaluate-it	borrowed-authority	celebrity
The Clinically-Validated Sleeper	cant-evaluate-it	borrowed-authority,quantified-outcome	clinician-figure
The Collection Completist	restocking	identity-display	product-only
The Colour-Payoff Judge	choosing-a-variant	spectacle-demo	product-only
The Community-Validated Buyer	cant-evaluate-it	peer-proof	product-only
The Design-Led Bathroom Stocker	seen-owning-it	identity-display	product-only
The Editorial-Beauty Aspirant	seen-owning-it	identity-display	celebrity
The Essentials-Kit Starter	first-time-in-category	value-arithmetic	product-only
The Exfoliation Convert	optimising-a-stack	origin-transparency	peer-to-camera
The Fold-Measuring Sceptic	rules-stopped-working	spectacle-demo	graphic
The Founder-Signature Follower	cant-evaluate-it	borrowed-authority	founder
The Full-Size-Plus-Mini Buyer	choosing-a-variant	value-arithmetic	product-only
The Hair-Movement Watcher	expects-it-to-be-unpleasant	spectacle-demo	peer-to-camera
The Handbag Decanter	life-event	identity-display	product-only
The Lip-Focused Beauty Buyer	choosing-a-variant	spectacle-demo	product-only
The Long-Hydration Claim Reader	choosing-a-variant	quantified-outcome	product-only
The Luxury-Bathroom Aspirant	seen-owning-it	identity-display	peer-to-camera
The Mineral-SPF Convert	vetting-ingredients	absence-screening	product-only
The Minimal-Label Believer	vetting-ingredients	absence-screening	product-only
The Mother Reading Baby Labels	buying-for-someone-else	absence-screening	product-only
The Natural-Deodorant Switcher	quitting-an-incumbent	absence-screening	product-only
The Percentage-Reduction Reader	cant-evaluate-it	quantified-outcome	graphic
The Potency-Multiple Shopper	cant-evaluate-it	quantified-outcome	product-only
The Powder-Format Loyalist	restocking	identity-display	product-only
The Product-In-Hand Reviewer	cant-evaluate-it	peer-proof	peer-to-camera
The Reaction-Video Trustor	cant-evaluate-it	peer-proof	peer-to-camera
The Reluctant Sunscreen Wearer	expects-it-to-be-unpleasant	spectacle-demo	peer-to-camera
The Robe-And-Mirror Reviewer	cant-evaluate-it	peer-proof	peer-to-camera
The Routine Systemiser	optimising-a-stack	ritual-construction	product-only
The Routine-Demonstrating Peer	cant-evaluate-it	peer-proof	peer-to-camera
The Scent-Led Shampoo Buyer	choosing-a-variant	identity-display	product-only
The Seasonal Flavour Refresher	life-event	identity-display	product-only
The Seasonal Skin Resetter	life-event	ritual-construction	peer-to-camera
The Sensory-Escape Buyer	seen-owning-it	identity-display	peer-to-camera
The Shelfie Curator	routine-as-content	identity-display	product-only
The Side Sleeper Discovering A Cost	body-changed-overnight	quantified-outcome	graphic
The Sign-Up Discount Taker	waiting-for-the-price	value-arithmetic	product-only
The Skin-Type Doubter	rules-stopped-working	peer-proof	graphic
The Strike-Through Comparer	waiting-for-the-price	value-arithmetic	product-only
The Summer-Routine Publisher	routine-as-content	identity-display	peer-to-camera
The Sunscreen-Ingredient Fearer	vetting-ingredients	absence-screening	product-only
The Tallow-Curious Parent	buying-for-someone-else	origin-transparency	product-only
The Texture-Pour Sensualist	expects-it-to-be-unpleasant	spectacle-demo	product-only
The Themed-Kit Gifter	buying-for-someone-else	identity-display	product-only
The Travel-Trio Builder	life-event	value-arithmetic	product-only
The Twenty-Something Seeing Early Lines	body-changed-overnight	quantified-outcome	graphic
The Two-Product Comparer	choosing-a-variant	peer-proof	peer-to-camera
The Two-Scent Bundler	choosing-a-variant	value-arithmetic	product-only
The Verified-Review Reader	cant-evaluate-it	peer-proof	product-only
The Why-Should-I Explainer Seeker	first-time-in-category	spectacle-demo	peer-to-camera
The Wild-Foraged Ingredient Romantic	vetting-ingredients	origin-transparency	product-only
The Anti-Perfume Perfume Buyer	seen-owning-it	identity-display	product-only
The Apothecary-Shelf Curator	seen-owning-it	identity-display	product-only
The Aspirational-Lifestyle Follower	seen-owning-it	identity-display	celebrity
The Atelier-Story Buyer	vetting-ingredients	origin-transparency	graphic
The Bedside-Bottle Aesthete	seen-owning-it	identity-display	product-only
The Body-Mist Casualwear Buyer	choosing-a-variant	identity-display	peer-to-camera
The Brand-World Watcher	seen-owning-it	identity-display	graphic
The Clean-At-Sephora Filterer	vetting-ingredients	borrowed-authority	product-only
The Clean-Laundry Scent Seeker	choosing-a-variant	identity-display	product-only
The Close-Up Application Watcher	expects-it-to-be-unpleasant	spectacle-demo	peer-to-camera
The Cultural-Programming Audience	seen-owning-it	identity-display	celebrity
The Delivery-Moment Watcher	seen-owning-it	identity-display	peer-to-camera
The Designer-Dupe Numbered Shopper	quitting-an-incumbent	value-arithmetic	product-only
The Designer-Reference Shopper	quitting-an-incumbent	spectacle-demo	product-only
The Discovery-Box Gifter	buying-for-someone-else	value-arithmetic	product-only
The Discovery-Set Sampler	first-time-in-category	risk-reversal	product-only
The Dupe Verifier	quitting-an-incumbent	spectacle-demo	peer-to-camera
The Founder-Explaining-The-Idea Watcher	cant-evaluate-it	origin-transparency	founder
The Fragrance-Collector Reviewer	cant-evaluate-it	peer-proof	peer-to-camera
The Gift-With-Purchase Trigger	waiting-for-the-price	value-arithmetic	product-only
The Gourmand-Note Seeker	choosing-a-variant	identity-display	product-only
The Heritage-Hardware Collector	seen-owning-it	identity-display	product-only
The Heritage-Location Aspirant	seen-owning-it	identity-display	graphic
The Home-Ambience Systemiser	seen-owning-it	ritual-construction	peer-to-camera
The Ingredient-Still-Life Reader	vetting-ingredients	origin-transparency	product-only
The Interior-Object Buyer	seen-owning-it	identity-display	product-only
The Logo-First Luxury Buyer	seen-owning-it	identity-display	graphic
The Long-Form Conversation Viewer	seen-owning-it	borrowed-authority	celebrity
The Man Explaining Fragrance To Camera	cant-evaluate-it	peer-proof	peer-to-camera
The Monogram Signaller	seen-owning-it	identity-display	product-only
The Named-Note Minimalist	choosing-a-variant	identity-display	product-only
The Note-Stack Reader	choosing-a-variant	identity-display	product-only
The Novelty-Bottle Collector	seen-owning-it	identity-display	product-only
The One-Note Explorer	choosing-a-variant	origin-transparency	product-only
The Raw-Materials Romantic	vetting-ingredients	origin-transparency	product-only
The Recognisable-Silhouette Buyer	seen-owning-it	identity-display	product-only
The Retailer-Basket Browser	restocking	retail-verification	product-only
The Sell-Out Restock Watcher	waiting-for-the-price	scarcity-or-apology	product-only
The Set-Plus-Gift Buyer	waiting-for-the-price	value-arithmetic	product-only
The Side-By-Side Comparer	quitting-an-incumbent	spectacle-demo	product-only
The Small-Ritual Elevator	routine-as-content	ritual-construction	product-only
The Understated-Formulation Buyer	seen-owning-it	identity-display	product-only
The Vial-Row Completist	first-time-in-category	identity-display	product-only
The Award-Badge Reassured	cant-evaluate-it	borrowed-authority	graphic
The Barefoot Texture Tester	expects-it-to-be-unpleasant	spectacle-demo	product-only
The Bed-Making Speed Seeker	named-hour	quantified-outcome	peer-to-camera
The Bedroom-Update Documenter	routine-as-content	identity-display	peer-to-camera
The Bundle-And-Save Bed Buyer	waiting-for-the-price	value-arithmetic	product-only
The Bundle-Simplifier	choosing-a-variant	value-arithmetic	peer-to-camera
The City-Apartment Reader	seen-owning-it	identity-display	graphic
The Colour-Accent Bedroom Styler	choosing-a-variant	identity-display	product-only
The Colour-Range Browser	choosing-a-variant	identity-display	product-only
The Cooler-Than-Sateen Comparer	quitting-an-incumbent	spectacle-demo	graphic
The Crisp-White Traditionalist	choosing-a-variant	identity-display	product-only
The Direct-Question Prompter	waiting-for-the-price	peer-proof	peer-to-camera
The Duvet-Cover Wrestler	unsayable-symptom	naming-the-shame	graphic
The Duvet-Loft Watcher	expects-it-to-be-unpleasant	spectacle-demo	peer-to-camera
The Empty-Room Visualiser	life-event	identity-display	product-only
The Enthusiastic-Peer Recommender	cant-evaluate-it	peer-proof	peer-to-camera
The Exterior-Envy Homeowner	seen-owning-it	identity-display	product-only
The Folded-Stack Judge	expects-it-to-be-unpleasant	spectacle-demo	product-only
The Four-Out-Of-Five Reassured	cant-evaluate-it	quantified-outcome,risk-reversal	graphic
The Germ-Aware Bathroom Buyer	vetting-ingredients	quantified-outcome	graphic
The Holiday-Sale Waiter	waiting-for-the-price	value-arithmetic	graphic
The Hotel-Bed Recreator	seen-owning-it	identity-display	product-only
The Layered-Bed Stylist	seen-owning-it	identity-display	product-only
The Luxury-Ticking Inspector	expects-it-to-be-unpleasant	spectacle-demo	product-only
The Most-Loved Category Shopper	cant-evaluate-it	peer-proof	product-only
The Move-In Moment Buyer	life-event	identity-display	product-only
The Novelty-Print Collector	seen-owning-it	identity-display	peer-to-camera
The One-Of-A-Kind Bed Owner	seen-owning-it	identity-display	product-only
The Parent Buying For A Child	buying-for-someone-else	spectacle-demo	product-only
The Pattern-Led Bedding Shopper	choosing-a-variant	identity-display	product-only
The Pet-Owning Bed Protector	buying-for-someone-else	absence-screening	peer-to-camera
The Pillow-Firmness Deliberator	choosing-a-variant	spectacle-demo	product-only
The Post-Shower Comfort Seeker	named-hour	naming-the-shame	peer-to-camera
The Print-Led Comfort Buyer	choosing-a-variant	identity-display	peer-to-camera
The Seasonal-Collection Browser	life-event	identity-display	product-only
The Single-Object Minimalist	seen-owning-it	identity-display	product-only
The Slipping-Sheet Sufferer	quitting-an-incumbent	naming-the-shame	product-only
The Sold-Out Restock Waiter	waiting-for-the-price	scarcity-or-apology	product-only
The Spec-Grid Comparer	choosing-a-variant	quantified-outcome	graphic
The Sunday-Morning Lounger	named-hour	identity-display	peer-to-camera
The Travel-Comfort Packer	life-event	identity-display	product-only
The Volume-Testimonial Reader	cant-evaluate-it	peer-proof	graphic
The Weight-And-Drape Assessor	expects-it-to-be-unpleasant	spectacle-demo	product-only
The Wet-Bathroom-Floor Sufferer	unsayable-symptom	spectacle-demo	product-only
The Whole-Room Aspirant	seen-owning-it	identity-display	product-only
The Basic-Layer Restocker	restocking	identity-display	product-only
The Bottle-Prep Ritualist	routine-as-content	spectacle-demo	peer-to-camera
The Brand-Recall Target	seen-owning-it	identity-display	graphic
The Caffeinated-Fuel Runner	optimising-a-stack	quantified-outcome	athlete
The Carb-Strategy Learner	optimising-a-stack	borrowed-authority	founder
The Climber Watching Real Climbing	cant-evaluate-it	peer-proof	athlete
The Closed-Toe Hybrid Curious	choosing-a-variant	spectacle-demo	product-only
The Closed-Toe Sandal Seeker	choosing-a-variant	identity-display	product-only
The Colourway Deliberator	choosing-a-variant	identity-display	product-only
The Dressed-Up Adventurer	seen-owning-it	identity-display	peer-to-camera
The Everyday-Wear Convert	seen-owning-it	identity-display	product-only
The Fit-Detail Examiner	choosing-a-variant	spectacle-demo	product-only
The Founder-Explained Sceptic	cant-evaluate-it	borrowed-authority	founder
The GI-Distress Sufferer	unsayable-symptom	naming-the-shame	athlete
The Golden-Hour Rider	seen-owning-it	identity-display	athlete
The Grip-And-Tread Judge	choosing-a-variant	spectacle-demo	product-only
The Kit-List Completer	optimising-a-stack	ritual-construction	graphic
The Layering-System Builder	optimising-a-stack	ritual-construction	product-only
The Lightweight Convert	optimising-a-stack	quantified-outcome	product-only
The Material-Upgrade Buyer	optimising-a-stack	origin-transparency	product-only
The Mid-Race Drinker	optimising-a-stack	spectacle-demo	athlete
The Minimal-Carry Runner	choosing-a-variant	quantified-outcome	product-only
The Multi-Terrain Generalist	choosing-a-variant	identity-display	graphic
The Named-Athlete Follower	cant-evaluate-it	borrowed-authority	athlete
The Overtraining-Worried Athlete	rules-stopped-working	borrowed-authority	athlete
The Quiet-Capability Buyer	seen-owning-it	identity-display	product-only
The Replacement Buyer	restocking	identity-display	product-only
The Sandal-Silhouette Chooser	choosing-a-variant	identity-display	product-only
The Sandal-With-Socks Pragmatist	seen-owning-it	identity-display	product-only
The Sensitive-Stomach Endurance Athlete	unsayable-symptom	absence-screening	product-only
The Shoe-Tech Inspector	choosing-a-variant	spectacle-demo	product-only
The Silhouette-Against-Landscape Aspirant	seen-owning-it	identity-display	athlete
The Style-Conscious Comfort Convert	seen-owning-it	identity-display	peer-to-camera
The Sun-Hoody Convert	optimising-a-stack	absence-screening	product-only
The Team-Endorsed Buyer	cant-evaluate-it	borrowed-authority	athlete
The Technical-Trouser Buyer	choosing-a-variant	identity-display	product-only
The Tonal-Colourway Buyer	choosing-a-variant	identity-display	product-only
The Trail-Ready Woman	cant-evaluate-it	peer-proof	athlete
The Trail-Runner Buying Bounce	choosing-a-variant	spectacle-demo	athlete
The Trail-Use Verifier	expects-it-to-be-unpleasant	spectacle-demo	athlete
The Vest-Over-Pack Convert	quitting-an-incumbent	spectacle-demo	athlete
The Water-Ready Walker	choosing-a-variant	spectacle-demo	product-only
The Waterproof-Boot Buyer	choosing-a-variant	identity-display	product-only
The Western-Collab Follower	seen-owning-it	identity-display	celebrity
The Wide-Fit Sufferer	unsayable-symptom	spectacle-demo	product-only
The Aisle-Side Comparison Shopper	quitting-an-incumbent	retail-verification,absence-screening	peer-to-camera
The Armchair Expeditioner	seen-owning-it	identity-display	athlete
The At-Home Cafe Recreator	named-hour	ritual-construction	product-only
The At-Home Laser Convert	first-time-in-category	spectacle-demo	peer-to-camera
The Bar-On-Black Minimalist	choosing-a-variant	identity-display	product-only
The Trade-Pro Recommended Buyer	choosing-a-variant	identity-display	product-only
The Bathroom Haul Watcher	choosing-a-variant	spectacle-demo	peer-to-camera
The Bathroom-Shelf Displayer	seen-owning-it	identity-display	product-only
The Beach-Hair Chaser	choosing-a-variant	identity-display	stranger
The Beauty-Routine Delegator	optimising-a-stack	identity-display	stranger
The Bedroom-As-Sanctuary Decorator	seen-owning-it	identity-display	stranger
The Bedtime Sequence Builder	named-hour	naming-the-shame	product-only
The Bikini-Line Perfectionist	unsayable-symptom	spectacle-demo,naming-the-shame	product-only
The Boot-Of-The-Car Snacker	named-hour	ritual-construction	peer-to-camera
The Buy-More-Save-More Restocker	restocking	value-arithmetic	product-only
The Calorie-Cutter Missing Something	rules-stopped-working	borrowed-authority	graphic
The Candy-Bar Benchmarker	expects-it-to-be-unpleasant	quantified-outcome	product-only
The Capsule Sceptic	cant-evaluate-it	origin-transparency,peer-proof	peer-to-camera
The Cart-Screenshot Convert	waiting-for-the-price	value-arithmetic,spectacle-demo	graphic
The Category Defector	quitting-an-incumbent	identity-display,naming-the-shame	peer-to-camera
The Celebrity-Brand Follower	seen-owning-it	borrowed-authority,identity-display	celebrity
The Chalky-Shake Defector	expects-it-to-be-unpleasant	naming-the-shame,borrowed-authority	celebrity
The Clean-Label Bar Scanner	vetting-ingredients	absence-screening,origin-transparency	product-only
The Coffee-Dependent Riser	named-hour	spectacle-demo	graphic
The Contest-Entering Parent	seen-owning-it	scarcity-or-apology,peer-proof	graphic
The Cost-Per-Day Calculator	waiting-for-the-price	value-arithmetic,ritual-construction	product-only
The Counterfeit-Wary Direct Buyer	cant-evaluate-it	risk-reversal,origin-transparency	product-only
The Creatine-Curious Morning Stacker	optimising-a-stack	quantified-outcome	product-only
The Custom-Formula Believer	choosing-a-variant	identity-display	peer-to-camera
The Damage-Repair Seeker	rules-stopped-working	spectacle-demo,quantified-outcome	product-only
The Day-Parted Routine Buyer	choosing-a-variant	retail-verification,ritual-construction	graphic
The Depleted Mother	named-hour	naming-the-shame	peer-to-camera
The Desk-Bound Chocolate Rationaliser	named-hour	absence-screening	peer-to-camera
The Device Sceptic Who Wants A Diagram	cant-evaluate-it	borrowed-authority	clinician-figure
The Dieter Who Refuses To Give Up Dessert	expects-it-to-be-unpleasant	identity-display	product-only
The Dieter Whose Old Tricks Stopped Working	rules-stopped-working	quantified-outcome,blame-relocation	product-only
The Dog-Years Extender	buying-for-someone-else	quantified-outcome	product-only
The Dose-Checking Adaptogen Buyer	vetting-ingredients	origin-transparency	product-only
The Editor-Endorsement Follower	cant-evaluate-it	borrowed-authority,peer-proof	product-only
The Embarrassed Beginner Runner	rules-stopped-working	peer-proof,naming-the-shame	athlete
The Everyday-Carry Curator	routine-as-content	identity-display	product-only
The Fandom Collector	seen-owning-it	identity-display,scarcity-or-apology	graphic
The Fifteen-For-Ten Stacker	waiting-for-the-price	value-arithmetic	product-only
The Fifty-Five-Year-Old Reporting Back	body-changed-overnight	peer-proof,quantified-outcome	peer-to-camera
The First-Open Unboxer	cant-evaluate-it	spectacle-demo	product-only
The First-Taste Reactor	expects-it-to-be-unpleasant	spectacle-demo,peer-proof	peer-to-camera
The Food-Porn Comparator	expects-it-to-be-unpleasant	spectacle-demo	product-only
The Foot-Shape Convert	quitting-an-incumbent	spectacle-demo	product-only
The Four-Benefit Consolidator	optimising-a-stack	quantified-outcome,value-arithmetic	product-only
The Free-Gift Threshold Buyer	waiting-for-the-price	value-arithmetic,scarcity-or-apology	peer-to-camera
The Fridge-Stocked Convert	restocking	identity-display,ritual-construction	peer-to-camera
The GLP-1 Muscle Preserver	on-a-protocol	borrowed-authority,quantified-outcome	product-only
The GLP-1 Patient Who Wants It Ready-Made	on-a-protocol	retail-verification,quantified-outcome	product-only
The Get-Ready-With-Me Follower	named-hour	ritual-construction	peer-to-camera
The Glute-Program Beginner	first-time-in-category	scarcity-or-apology,peer-proof	product-only
The Grooming-Routine Voyeur	routine-as-content	identity-display	peer-to-camera
The Group-Chat Roast Participant	seen-owning-it	naming-the-shame	peer-to-camera
The Gut-Anxious Scroller	unsayable-symptom	naming-the-shame,spectacle-demo	graphic
The Gym-Bag Packer	routine-as-content	identity-display	product-only
The Hair-Transformation Watcher	routine-as-content	identity-display	peer-to-camera
The Head-Shaving Convert	cant-evaluate-it	spectacle-demo	peer-to-camera
The Home Colour Experimenter	cant-evaluate-it	peer-proof,spectacle-demo	peer-to-camera
The Hormone-Habit Builder	on-a-protocol	ritual-construction,borrowed-authority	graphic
The In-Store Demonstrator	restocking	retail-verification,peer-proof	peer-to-camera
The Ingredient Walkthrough Watcher	cant-evaluate-it	peer-proof,origin-transparency	peer-to-camera
The Injectables Alternative Seeker	routine-as-content	identity-display	peer-to-camera
The Intimate-Symptom Confessor	unsayable-symptom	peer-proof,naming-the-shame	product-only
The Kit-Over-Components Buyer	first-time-in-category	ritual-construction,origin-transparency	graphic
The Kitchen-Counter Demonstrator	routine-as-content	peer-proof	peer-to-camera
The Kitchen-Kit Completer	choosing-a-variant	spectacle-demo,identity-display	product-only
The Life-Stage Sorter	choosing-a-variant	borrowed-authority	graphic
The Longevity Optimiser	on-a-protocol	identity-display	stranger
The Low-T Suspecting Man	on-a-protocol	peer-proof,risk-reversal	peer-to-camera
The Man Explaining It In A Driveway	cant-evaluate-it	peer-proof	peer-to-camera
The Man Watching Another Man's Routine	cant-evaluate-it	borrowed-authority,ritual-construction	celebrity
The Microplastic Auditor	quitting-an-incumbent	quantified-outcome,absence-screening	product-only
The Mirror-Check Progress Poster	on-a-protocol	identity-display,peer-proof	peer-to-camera
The Morning-Ritual Filmer	routine-as-content	ritual-construction	peer-to-camera
The New Mother Building A Routine	routine-as-content	peer-proof	peer-to-camera
The New-Format Watcher	choosing-a-variant	scarcity-or-apology	product-only
The New-Line Tryer	choosing-a-variant	scarcity-or-apology	peer-to-camera
The New-Mattress Unboxer	routine-as-content	ritual-construction	product-only
The Newly Pregnant Re-Stacker	life-event	peer-proof	product-only
The Nostalgia-Format Remixer	expects-it-to-be-unpleasant	spectacle-demo	peer-to-camera
The Nurse-Explained Sceptic	cant-evaluate-it	borrowed-authority,spectacle-demo	clinician-figure
The Object-As-Statement Buyer	seen-owning-it	identity-display	product-only
The Once-A-Week Sufferer	unsayable-symptom	naming-the-shame,spectacle-demo	graphic
The One Who Got Complimented	seen-owning-it	peer-proof,identity-display	peer-to-camera
The One-More-Input Optimiser	optimising-a-stack	borrowed-authority,peer-proof	peer-to-camera
The Overwhelmed Ingredient Shopper	cant-evaluate-it	peer-proof	product-only
The Panel-Reading GLP-1 Patient	on-a-protocol	quantified-outcome,absence-screening	peer-to-camera
The Parent Auditing The Gummy Panel	vetting-ingredients	naming-the-shame,origin-transparency	peer-to-camera
The Pet-Proof Household Buyer	choosing-a-variant	identity-display	product-only
The Pickle-Jar Escapee	quitting-an-incumbent	naming-the-shame	graphic
The Pizza-Steel Convert	seen-owning-it	peer-proof,spectacle-demo	graphic
The Poolside Snacker	life-event	identity-display	peer-to-camera
The Pregnancy Skin-Change Adapter	life-event	peer-proof	peer-to-camera
The Price-Objection Reader	waiting-for-the-price	value-arithmetic,origin-transparency	product-only
The Product-Feed Browser	choosing-a-variant	identity-display	product-only
The Protein-Target Tracker	on-a-protocol	quantified-outcome,ritual-construction	peer-to-camera
The Provenance-Priced Buyer	vetting-ingredients	origin-transparency,value-arithmetic	product-only
The Recipe-Hack Follower	routine-as-content	ritual-construction,spectacle-demo	graphic
The Refund-Risk Calculator	cant-evaluate-it	risk-reversal,peer-proof	founder
The Regularity Confessor	unsayable-symptom	naming-the-shame	product-only
The Retail-Price Refuser	waiting-for-the-price	value-arithmetic,scarcity-or-apology	graphic
The Routine-Extension Adopter	first-time-in-category	ritual-construction	peer-to-camera
The Salon-Result-At-Home Chaser	restocking	peer-proof	peer-to-camera
The Saturday-Cartoon Rememberer	seen-owning-it	identity-display	product-only
The Scalp-First Convert	cant-evaluate-it	identity-display	stranger
The Scarcity-Cued Buyer	waiting-for-the-price	scarcity-or-apology,value-arithmetic	product-only
The Scented-Home Curator	choosing-a-variant	identity-display	product-only
The Search-Bar Confessor	unsayable-symptom	peer-proof,naming-the-shame	peer-to-camera
The Seasonal Room Refresher	choosing-a-variant	identity-display	graphic
The Seasonal-Drop Chaser	choosing-a-variant	scarcity-or-apology	product-only
The Self-Blamer Let Off The Hook	rules-stopped-working	blame-relocation	graphic
The Shade-Matcher	choosing-a-variant	spectacle-demo	graphic
The Skate-Shoe Loyalist	seen-owning-it	identity-display	product-only
The Slow-Ritual Aspirant	routine-as-content	ritual-construction	stranger
The Smooth-Skin Shortcut Taker	routine-as-content	spectacle-demo	peer-to-camera
The Sober-Curious Substituter	quitting-an-incumbent	peer-proof,borrowed-authority	product-only
The Softness Sceptic	cant-evaluate-it	identity-display	product-only
The Store-Visit Follower	cant-evaluate-it	retail-verification,peer-proof	peer-to-camera
The Straight-Talking Operator	cant-evaluate-it	peer-proof	peer-to-camera
The Street-Sampled Stranger	cant-evaluate-it	peer-proof	stranger
The Supply-Chain Reader	cant-evaluate-it	origin-transparency,spectacle-demo	product-only
The Team-Issued Fuel Buyer	cant-evaluate-it	borrowed-authority,peer-proof	athlete
The Texture-Proof Watcher	cant-evaluate-it	spectacle-demo	product-only
The Themed Gift Shopper	buying-for-someone-else	identity-display	product-only
The Toddler-Transition Parent	life-event	peer-proof	peer-to-camera
The Trade Account Holder	buying-for-someone-else	risk-reversal,identity-display	product-only
The Trades Boot Wearer	choosing-a-variant	identity-display	product-only
The Trailhead Energy Rationer	named-hour	identity-display	product-only
The Travel-Size Packer	choosing-a-variant	identity-display	product-only
The Variety-Pack Household Buyer	choosing-a-variant	risk-reversal	product-only
The Warehouse-Scale Believer	cant-evaluate-it	spectacle-demo	graphic
The Warm-Weather Uniform Buyer	seen-owning-it	identity-display	product-only
The Woman Buying For Her Man	buying-for-someone-else	peer-proof	peer-to-camera
The Woman In A New Phase Of Life	body-changed-overnight	quantified-outcome	product-only
The Woman Whose Hands Gave Her Age Away	body-changed-overnight	peer-proof	product-only
The Entertained Bystander	cant-evaluate-it	spectacle-demo	stranger
The Eyewear-As-Signature Wearer	routine-as-content	identity-display	stranger
The Frame-Try-On Browser	choosing-a-variant	spectacle-demo	peer-to-camera
The Sceptic Who Wants A Diagram	expects-it-to-be-unpleasant	peer-proof,blame-relocation	product-only
The Sweepstakes Entrant	waiting-for-the-price	scarcity-or-apology	graphic
The Veteran-Owned Preferrer	choosing-a-variant	origin-transparency,identity-display	product-only
