The 2PM Crasher	The Self-Blamer Let Off The Hook
The 40-Something Told She Just Let Herself Go	The Self-Blamer Let Off The Hook
The Acne-Portfolio Chooser	The Overwhelmed Ingredient Shopper
The Aesthetic Bathroom Shopper	The Bathroom-Shelf Displayer
The Aesthetic UTI Sufferer	The Intimate-Symptom Confessor
The Aesthetic-Procedure Curious	The At-Home Laser Convert
The Ambient Morning Ritualist	The Morning-Ritual Filmer
The Ambient-Mood Buyer	The Bathroom-Shelf Displayer
The Anti-Ageing Crossover Buyer	The At-Home Laser Convert
The Apology-Discount Recipient	The Cart-Screenshot Convert
The Apothecary-Shelf Curator	The Bathroom-Shelf Displayer
The Arab Girlie With Peach Fuzz	The Smooth-Skin Shortcut Taker
The Artist-Collaboration Buyer	The Fandom Collector
The Aspirational-Dressing Watcher	The Hair-Transformation Watcher
The Aspirational-Lifestyle Follower	The Monogram Signaller
The At-Home Aftercare Adopter	The Bikini-Line Perfectionist
The At-Home Barista Without A Machine	The At-Home Cafe Recreator
The Atelier-Story Buyer	The Supply-Chain Reader
The Authenticity-Signalling Buyer	The Trade-Pro Recommended Buyer
The Award-Badge Reassured	The Editor-Endorsement Follower
The Awards-Badge Deferrer	The Editor-Endorsement Follower
The BOGO Deadline Responder	The Scarcity-Cued Buyer
The Bangs Regretter	The Damage-Repair Seeker
The Bar-Fatigued Real-Food Believer	The Food-Porn Comparator
The Barbershop-Culture Buyer	The Trade-Pro Recommended Buyer
The Barefoot Texture Tester	The Texture-Proof Watcher
The Barefoot-Shoe Adjacent Buyer	The Foot-Shape Convert
The Basic-Layer Restocker	The Product-Feed Browser
The Bathroom-Cabinet Restocker	The Buy-More-Save-More Restocker
The Bedroom-Update Documenter	The Bedroom-As-Sanctuary Decorator
The Bedrotting Self-Diagnoser	The Self-Blamer Let Off The Hook
The Bedtime Ritual Builder	The Bedtime Sequence Builder
The Best-Seller-Plus-Code Buyer	The Free-Gift Threshold Buyer
The Big-Colour Committer	The Home Colour Experimenter
The Blade-Count Logic Follower	The Sceptic Who Wants A Diagram
The Bold-Colour Client	The Damage-Repair Seeker
The Brand-Cap Loyalist	The Fandom Collector
The Brand-Recall Target	The Product-Feed Browser
The Breakfast Rule-Breaker	The Dieter Who Refuses To Give Up Dessert
The Breakfast-Protein Problem-Solver	The Protein-Target Tracker
The Buildup-Obsessed Scalp Watcher	The Scalp-First Convert
The Bulk Sachet Stocker	The Cost-Per-Day Calculator
The Bulk-Box Household Stocker	The Variety-Pack Household Buyer
The Bulk-Value Gummy Skeptic	The Warehouse-Scale Believer
The Bundle Arithmetician	The Free-Gift Threshold Buyer
The Bundle Comparison Reader	The Kit-Over-Components Buyer
The Bundle-And-Save Bed Buyer	The Kit-Over-Components Buyer
The Bundle-Maximiser	The Free-Gift Threshold Buyer
The Bundle-Simplifier	The Kit-Over-Components Buyer
The Caffeinated-Fuel Runner	The Dose-Checking Adaptogen Buyer
The Candy-Aisle Convert	The Candy-Bar Benchmarker
The Capsule-Wardrobe Builder	The Kit-Over-Components Buyer
The Category Sceptic Holding The Bottle	The Category Defector
The Celebrity-Anchored Skeptic	The Celebrity-Brand Follower
The Celebrity-Founder Follower	The Celebrity-Brand Follower
The Celebrity-Trust Transferer	The Man Watching Another Man's Routine
The Chef-Endorsed Home Cook	The Trade-Pro Recommended Buyer
The Chicken-Snack Seeker	The Aisle-Side Comparison Shopper
The Childhood-Treat Comparator	The Nostalgia-Format Remixer
The Christmas-Bedding Refresher	The Seasonal Room Refresher
The City-Apartment Reader	The Bedroom-As-Sanctuary Decorator
The Clean-Label Lifter	The Clean-Label Bar Scanner
The Clean-Laundry Scent Seeker	The Scented-Home Curator
The Cleansing-Without-Stripping Convert	The Category Defector
The Climber Watching Real Climbing	The Armchair Expeditioner
The Clinic-Price Refuser	The At-Home Laser Convert
The Clinically-Studied Ingredient Shopper	The Dose-Checking Adaptogen Buyer
The Clinically-Validated Sleeper	The Sceptic Who Wants A Diagram
The Closed-Toe Hybrid Curious	The Warm-Weather Uniform Buyer
The Club-Store Bulk Buyer	The Cost-Per-Day Calculator
The Coastal-Life Aspirant	The Grooming-Routine Voyeur
The Coconut-Bite Comparator	The Food-Porn Comparator
The Coded-Discount Taker	The Free-Gift Threshold Buyer
The Coffee Creamer Defector	The Coffee-Dependent Riser
The Coffee Swapper Who Wants a Flat Stomach	The Coffee-Dependent Riser
The Coffeemaxxing Optimiser	The At-Home Cafe Recreator
The Cold-Footed Sleeper	The Foot-Shape Convert
The Collection Completist	The Bathroom-Shelf Displayer
The Collector Rather Than Hoarder	The Bathroom-Shelf Displayer
The College Athlete's Shelf	The Team-Issued Fuel Buyer
The College Move-In Shopper	The Kit-Over-Components Buyer
The College-Football Tribalist	The Fandom Collector
The Colostrum-Curious Upgrader	The One-More-Input Optimiser
The Colour-Accent Bedroom Styler	The Bedroom-As-Sanctuary Decorator
The Colour-First Can Chooser	The Seasonal-Drop Chaser
The Colour-Name Shopper	The Home Colour Experimenter
The Colour-Payoff Judge	The Shade-Matcher
The Colour-Range Browser	The Product-Feed Browser
The Colour-Theory Curious	The Entertained Bystander
The Colour-Treated Protector	The Damage-Repair Seeker
The Colourway Deliberator	The Product-Feed Browser
The Commuter With Tired Legs	The Foot-Shape Convert
The Commuting Energy Seeker	The Boot-Of-The-Car Snacker
The Consistency-Discounted Subscriber	The Cost-Per-Day Calculator
The Contest-Entering Parent	The Sweepstakes Entrant
The Convenience-Store Cost Escapee	The Cost-Per-Day Calculator
The Cookware Upgrader	The Kitchen-Kit Completer
The Cortisol Explainer	The Self-Blamer Let Off The Hook
The Cost-Per-Meal Calculator	The Cost-Per-Day Calculator
The Costco Aisle Convert	The Aisle-Side Comparison Shopper
The Creatine-In-Everything Lifter	The Creatine-Curious Morning Stacker
The Credentialed-Nootropic Buyer	The One-More-Input Optimiser
The Cultural-Programming Audience	The Monogram Signaller
The Curl-Type Matcher	The Hair-Transformation Watcher
The Curly-Hair Colour Sceptic	The Home Colour Experimenter
The Curly-Hair Time Economist	The Damage-Repair Seeker
The Cyber-Monday Stacker	The Scarcity-Cued Buyer
The Daily-Habit Builder	The Morning-Ritual Filmer
The Damage-Repair Loyalist	The Damage-Repair Seeker
The Dated-Deadline Dieter	The Dieter Whose Old Tricks Stopped Working
The Deadpan Reviewer's Audience	The Straight-Talking Operator
The Deep-Discount Waiter	The Retail-Price Refuser
The Delivery-Moment Watcher	The First-Open Unboxer
The Design-Led Bathroom Stocker	The Bathroom-Shelf Displayer
The Desk-Bound Snacker	The Desk-Bound Chocolate Rationaliser
The Dessert-Deprived Dieter	The Dieter Who Refuses To Give Up Dessert
The Dessert-Flavour Skimmer	The Dieter Who Refuses To Give Up Dessert
The Dessert-Identity Snacker	The Dieter Who Refuses To Give Up Dessert
The Device Sceptic Who Wants A Diagram	The Sceptic Who Wants A Diagram
The Dip-Count Detail Reader	The Supply-Chain Reader
The Disgust-Triggered Switcher	The Microplastic Auditor
The Dog Owner Who Reads Labels	The Dog-Years Extender
The Domestic-Ambience Buyer	The Slow-Ritual Aspirant
The Dopamine-Depleted Young Man	The Self-Blamer Let Off The Hook
The Dose-Curious Ritualist	The Morning-Ritual Filmer
The Dressed-Up Adventurer	The Warm-Weather Uniform Buyer
The Drop-Watching Colour Fan	The Seasonal-Drop Chaser
The Duvet-Loft Watcher	The Texture-Proof Watcher
The Eat-Whatever-You-Want Believer	The Self-Blamer Let Off The Hook
The Editor-Approved Shopper	The Editor-Endorsement Follower
The Effortless-Texture Aspirant	The Beach-Hair Chaser
The Empty-Room Visualiser	The Bedroom-As-Sanctuary Decorator
The Enthusiastic-Peer Recommender	The Kitchen-Counter Demonstrator
The Essentials-Kit Starter	The Kit-Over-Components Buyer
The Esthetician Buying for Her Back Bar	The Trade Account Holder
The Everyday-Wear Convert	The Warm-Weather Uniform Buyer
The Everything-Shower Ritualist	The Slow-Ritual Aspirant
The Exterior-Envy Homeowner	The Seasonal Room Refresher
The Fabric-Label Checker	The Supply-Chain Reader
The Face-Shaver Upgrading Hardware	The Head-Shaving Convert
The Face-To-Camera Convert	The Kitchen-Counter Demonstrator
The Fantasy-Ritual Aesthete	The At-Home Laser Convert
The Fifty-Something Man With A Number	The Low-T Suspecting Man
The Fine-Hair Volume Seeker	The Hair-Transformation Watcher
The First-Dose Storyteller's Audience	The Straight-Talking Operator
The First-Responder Discipline Archetype	The Man Watching Another Man's Routine
The Flavor-Drop Follower	The Seasonal-Drop Chaser
The Flavour-Curious Deal Taker	The Seasonal-Drop Chaser
The Flavour-Drop Follower	The Seasonal-Drop Chaser
The Flavour-Line Completist	The Seasonal-Drop Chaser
The Flavour-Switching Bulker	The Variety-Pack Household Buyer
The Focus-Deprived Self-Optimiser	The One-More-Input Optimiser
The Fold-Measuring Sceptic	The Sceptic Who Wants A Diagram
The Folded-Stack Judge	The Softness Sceptic
The Foot-Function Believer	The Foot-Shape Convert
The Forty-Something Whose Body Changed Without Warning	The Woman In A New Phase Of Life
The Founder-Explaining-The-Idea Watcher	The Straight-Talking Operator
The Founder-Integrity Tester	The Straight-Talking Operator
The Founder-Signature Follower	The Celebrity-Brand Follower
The Founder-Vouched Buyer	The Straight-Talking Operator
The Franchise Loyalist	The Fandom Collector
The Free-Gift-Threshold Shopper	The Free-Gift Threshold Buyer
The Free-Pair Threshold Buyer	The Free-Gift Threshold Buyer
The Free-Product Pile Believer	The Warehouse-Scale Believer
The Free-Shaker Threshold Buyer	The Free-Gift Threshold Buyer
The Fridge-Stockpiler	The Fridge-Stocked Convert
The Fruit-Punch Nostalgic	The Nostalgia-Format Remixer
The Full-Range Displayer	The Bathroom-Shelf Displayer
The GLP-1 Patient Afraid of Losing Muscle	The GLP-1 Muscle Preserver
The Gadget-Curious Beauty Buyer	The Bathroom Haul Watcher
The Gaming-IP Collector	The Fandom Collector
The Get-The-Look Copier	The Home Colour Experimenter
The Gift-Set Buyer	The Themed Gift Shopper
The Gift-With-Purchase Trigger	The Free-Gift Threshold Buyer
The Girl With Nothing On At 6PM	The Slow-Ritual Aspirant
The Glass-Hair Aspirant	The Hair-Transformation Watcher
The Glovebox Stocker	The Boot-Of-The-Car Snacker
The Golden-Hour Rider	The Armchair Expeditioner
The Grip-And-Tread Judge	The Sceptic Who Wants A Diagram
The Guarantee-Anchored Buyer	The Refund-Risk Calculator
The Guest-Room Preparer	The Bedroom-As-Sanctuary Decorator
The Guilt-Free Dessert Rationaliser	The Dieter Who Refuses To Give Up Dessert
The Guy Who Wants the Scent Girls Notice	The One Who Got Complimented
The Gym-Adjacent Protein Adder	The At-Home Cafe Recreator
The Gym-Bag Flat-Lay Owner	The Everyday-Carry Curator
The Gym-Before-Work Breakfaster	The Creatine-Curious Morning Stacker
The Gym-Floor Realist	The Straight-Talking Operator
The Hair-Damage-Avoiding Sleeper	The Damage-Repair Seeker
The Hair-Movement Watcher	The Hair-Transformation Watcher
The Healthier-Latte Series Follower	The At-Home Cafe Recreator
The Heritage-Location Aspirant	The Monogram Signaller
The Holiday Indulgence Rationaliser	The Dieter Who Refuses To Give Up Dessert
The Holiday-Prep Groomer	The Smooth-Skin Shortcut Taker
The Holiday-Sale Waiter	The Scarcity-Cued Buyer
The Home-Ambience Systemiser	The Scented-Home Curator
The Home-Bar Aspirant	The Kitchen-Kit Completer
The Honest-Result Demander	The Straight-Talking Operator
The Hotel-Bed Recreator	The Bedroom-As-Sanctuary Decorator
The Household Habit Setter	The Morning-Ritual Filmer
The Household-Routine Watcher	The Slow-Ritual Aspirant
The Ingredient Flat-Lay Reader	The Clean-Label Bar Scanner
The Ingredient-List Auditor	The Supply-Chain Reader
The Ingredient-Texture Watcher	The Texture-Proof Watcher
The Ingrown-Fix Searcher	The Bikini-Line Perfectionist
The Ingrown-Hair Sufferer	The Bikini-Line Perfectionist
The Interior-Object Buyer	The Object-As-Statement Buyer
The Joint-Pain Sufferer Who Wants to See Inside	The Sceptic Who Wants A Diagram
The Kit-List Completer	The Kit-Over-Components Buyer
The Kitchen-Counter Aesthete	The At-Home Cafe Recreator
The Kitchen-Counter Explainer	The Kitchen-Counter Demonstrator
The Kitchen-Counter Mixer	The Kitchen-Counter Demonstrator
The Kitchen-Island Explainer	The Kitchen-Counter Demonstrator
The Label-Reading Sceptic On Camera	The Clean-Label Bar Scanner
The Last-Chance Stacker	The Scarcity-Cued Buyer
The Last-Minute Date Preparer	The Smooth-Skin Shortcut Taker
The Lately-I've-Been-Using Storyteller	The Straight-Talking Operator
The Layering-System Builder	The Kit-Over-Components Buyer
The Lifestyle-Adjacent Follower	The Armchair Expeditioner
The Lightweight Convert	The Warm-Weather Uniform Buyer
The Limited-Drop Chaser	The Seasonal-Drop Chaser
The Limited-Flavour Completist	The Seasonal-Drop Chaser
The Lip-Focused Beauty Buyer	The Shade-Matcher
The Locker-Room Joke Audience	The Group-Chat Roast Participant
The Logo-First Luxury Buyer	The Monogram Signaller
The Long-Form Conversation Viewer	The Entertained Bystander
The Long-Term Acne Sufferer Drawing It Herself	The Overwhelmed Ingredient Shopper
The Longevity-Minded Dog Owner	The Dog-Years Extender
The Low-Maintenance Man	The Grooming-Routine Voyeur
The Lunchbox Buyer	The Parent Auditing The Gummy Panel
The Luxury-Bathroom Aspirant	The Injectables Alternative Seeker
The Luxury-Ticking Inspector	The Softness Sceptic
The Macro Purist's Opponent	The Dieter Who Refuses To Give Up Dessert
The Macro-Checking Flavour Buyer	The Clean-Label Bar Scanner
The Macro-Disciplined Aesthete	The Dieter Who Refuses To Give Up Dessert
The Man Asked What He Carries	The One Who Got Complimented
The Man Asking About Down There	The Sceptic Who Wants A Diagram
The Man Comparing Against The Drawer	The Everyday-Carry Curator
The Man Deciding Between Natural and TRT	The Low-T Suspecting Man
The Man Measuring Performance in Minutes	The Low-T Suspecting Man
The Man Preparing To Be Seen	The One Who Got Complimented
The Man Reading His Body As Symptoms	The Self-Blamer Let Off The Hook
The Man Who Blames Cortisol, Not Beer	The Self-Blamer Let Off The Hook
The Man Who Buys Another Man's Discipline	The Man Watching Another Man's Routine
The Man Who Eats the Whole Box	The Protein-Target Tracker
The Man Who Has Not Done the Maths	The Protein-Target Tracker
The Man Who Wants Clinic Results Without a Clinic	The At-Home Laser Convert
The Man Who Wants to Be Asked What He's Wearing	The One Who Got Complimented
The Man With A Chaotic Grooming Drawer	The Everyday-Carry Curator
The Man With Moobs and a Summer Deadline	The Low-T Suspecting Man
The Man With Swamp Foot At Work	The Foot-Shape Convert
The Manufacturing-Floor Skeptic	The Supply-Chain Reader
The Material-Science Curious Runner	The Sceptic Who Wants A Diagram
The Material-Upgrade Buyer	The Warm-Weather Uniform Buyer
The Mechanism-Wanting Skeptic	The Sceptic Who Wants A Diagram
The Menopausal Woman With Joint Pain	The Woman In A New Phase Of Life
The Microplastic-Aware Householder	The Microplastic Auditor
The Mid-Race Drinker	The Armchair Expeditioner
The Minimal-Brand Trustor	The Object-As-Statement Buyer
The Minimal-Carry Runner	The Everyday-Carry Curator
The Minimal-Label Believer	The Overwhelmed Ingredient Shopper
The Minimal-Object Aesthete	The Bathroom-Shelf Displayer
The Mirror-Check Styler	The Grooming-Routine Voyeur
The Mistake-Deal Pouncer	The Retail-Price Refuser
The Most-Loved Category Shopper	The Editor-Endorsement Follower
The Mother of a Teenage Boy	The Parent Auditing The Gummy Panel
The Multi-Symptom Acne Sufferer	The Four-Benefit Consolidator
The Named-Athlete Follower	The Team-Issued Fuel Buyer
The Named-Note Minimalist	The Scented-Home Curator
The Natural-Dye Aesthete	The Supply-Chain Reader
The Natural-Remedy Seeker	The Category Defector
The New-Flavour Announcement Follower	The Seasonal-Drop Chaser
The No-Makeup-Makeup Translator	The Beach-Hair Chaser
The Non-Toxic Activewear Convert	The Microplastic Auditor
The Nostalgia-Truck Buyer	The Nostalgia-Format Remixer
The Note-Stack Reader	The Scented-Home Curator
The Novelty-Bottle Collector	The Object-As-Statement Buyer
The Novelty-Print Collector	The Fandom Collector
The Oatmeal Skeptic	The Chalky-Shake Defector
The Oily-Roots-Dry-Ends Sufferer	The Custom-Formula Believer
The One-Of-A-Kind Bed Owner	The Bedroom-As-Sanctuary Decorator
The One-Product Simplifier	The Damage-Repair Seeker
The Order-Of-Operations Asker	The Overwhelmed Ingredient Shopper
The Organic-Label Reader	The Clean-Label Bar Scanner
The Overstock Opportunist	The Retail-Price Refuser
The Packing-Cube Traveler	The Travel-Size Packer
The Pantry-Format Switcher	The Seasonal-Drop Chaser
The Parent Buying For A Child	The Themed Gift Shopper
The Parent Who Reads the Label and Puts It Back	The Parent Auditing The Gummy Panel
The Partner-Recommended Discoverer	The Bathroom Haul Watcher
The Pattern-Led Bedding Shopper	The Bedroom-As-Sanctuary Decorator
The Percentage-Reduction Reader	The Sceptic Who Wants A Diagram
The Period-Drama Escapist	The Entertained Bystander
The Personalisation Seeker	The Custom-Formula Believer
The Pet-Owning Bed Protector	The Pet-Proof Household Buyer
The Pillow-Firmness Deliberator	The Softness Sceptic
The Podcast-Pilled Man	The Straight-Talking Operator
The Polyester Objector	The Microplastic Auditor
The Pomade Traditionalist	The Trade-Pro Recommended Buyer
The Poolside Flavour Seeker	The Seasonal-Drop Chaser
The Post-Shower Comfort Seeker	The Slow-Ritual Aspirant
The Post-Workout Recipe Follower	The Recipe-Hack Follower
The Post-Workout Treat Permitter	The Dieter Who Refuses To Give Up Dessert
The Postpartum Woman With PCOS	The Smooth-Skin Shortcut Taker
The Potency-Grade Reader	The Dose-Checking Adaptogen Buyer
The Powder-Format Loyalist	The Shade-Matcher
The Premium-Chocolate Stash Builder	The Buy-More-Save-More Restocker
The Premium-Honey Justifier	The Price-Objection Reader
The Price-Anchored Drugstore Defector	The Cost-Per-Day Calculator
The Price-Objection Preempter	The Price-Objection Reader
The Print-Led Comfort Buyer	The Fandom Collector
The Product-In-Hand Explainer	The Kitchen-Counter Demonstrator
The Provenance-Led Apparel Buyer	The Supply-Chain Reader
The Quiet-Luxury Shelf Buyer	The Object-As-Statement Buyer
The Quiet-Result Reporter	The Straight-Talking Operator
The Rack-Comparison Shopper	The Aisle-Side Comparison Shopper
The Range-Completing Owner	The Kitchen-Kit Completer
The Raw-Materials Romantic	The Supply-Chain Reader
The Razor-As-Self-Expression Buyer	The Everyday-Carry Curator
The Reaction-Video Trustor	The First-Taste Reactor
The Real-Food Dog Feeder	The Dog-Years Extender
The Recognisable-Silhouette Buyer	The Monogram Signaller
The Recovery-Score Optimiser	The Protein-Target Tracker
The Red-Flag Self-Diagnoser	The Self-Blamer Let Off The Hook
The Refill-Pouch Buyer	The Buy-More-Save-More Restocker
The Regimen Buyer	The Kit-Over-Components Buyer
The Restaurant-Standard Taster	The Food-Porn Comparator
The Result-In-The-Glass Watcher	The Texture-Proof Watcher
The Retail-Aisle Discoverer	The Aisle-Side Comparison Shopper
The Return-To-Nature Consumer	The Provenance-Priced Buyer
The Review-Screenshot Scanner	The Review-Wall Reader
The Robe-And-Mirror Reviewer	The Kitchen-Counter Demonstrator
The Routine Systemiser	The Overwhelmed Ingredient Shopper
The Salon Client Who Waited Too Long	The Trade-Pro Recommended Buyer
The Salon-Technique Watcher	The Salon-Result-At-Home Chaser
The Sandal-Silhouette Chooser	The Product-Feed Browser
The Sandal-With-Socks Pragmatist	The Warm-Weather Uniform Buyer
The Scarcity-Driven Kitchen Collector	The Seasonal-Drop Chaser
The Scent-Led Shampoo Buyer	The Scented-Home Curator
The School-Run Parent	The Depleted Mother
The Science-Experiment Watcher	The Entertained Bystander
The Seasonal-Collection Browser	The Seasonal Room Refresher
The Second-Day Hair Manager	The Hair-Transformation Watcher
The Self-Diagnosing Leg-Ache Sufferer	The Self-Blamer Let Off The Hook
The Sensitive-Skin Shaver	The Bikini-Line Perfectionist
The Sensory Demo Watcher	The Texture-Proof Watcher
The Sensory-Escape Buyer	The Slow-Ritual Aspirant
The Sensory-Jar Buyer	The Texture-Proof Watcher
The Sephora Cross-Shopper	The Aisle-Side Comparison Shopper
The Serum Spec-Reader	The Product-Feed Browser
The Shake Replacer	The At-Home Cafe Recreator
The Shark-Tank Validated Shopper	The Editor-Endorsement Follower
The Shaving-Fatigued Bikini-Line Owner	The Smooth-Skin Shortcut Taker
The Shedding-Panicked Washer	The Damage-Repair Seeker
The Shelf-Recognition Shopper	The Product-Feed Browser
The Shine-Metric Shopper	The Damage-Repair Seeker
The Shirtless Kitchen Proof	The Man Watching Another Man's Routine
The Shoe-Tech Inspector	The Sceptic Who Wants A Diagram
The Side Sleeper Discovering A Cost	The Self-Blamer Let Off The Hook
The Side-By-Side Dupe Verifier	The Sceptic Who Wants A Diagram
The Side-By-Side Taster	The Sceptic Who Wants A Diagram
The Sign-Up Discount Taker	The Free-Gift Threshold Buyer
The Silky-Result Reviewer	The Review-Wall Reader
The Single-Ingredient Believer	The Dose-Checking Adaptogen Buyer
The Single-Object Minimalist	The Product-Feed Browser
The Single-Problem Solver	The Everyday-Carry Curator
The Skeptical Flavor Auditor	The First-Taste Reactor
The Sleek-Finish Chaser	The Hair-Transformation Watcher
The Slipping-Sheet Sufferer	The Softness Sceptic
The Small-Ritual Elevator	The Slow-Ritual Aspirant
The Snack-Sharing Mother	The Parent Auditing The Gummy Panel
The Snack-Swap Household Buyer	The Morning-Ritual Filmer
The Soda Habit Replacer	The Category Defector
The Sold-Out Bandwagon Joiner	The Scarcity-Cued Buyer
The Sold-Out Restock Waiter	The Scarcity-Cued Buyer
The Spanish-Language Wellness Listener	The Straight-Talking Operator
The Spanish-Speaking At-Home Laser Convert	The At-Home Laser Convert
The Spanish-Speaking Routine Sharer	The Kitchen-Counter Demonstrator
The Spanish-Speaking Try-Before-Buy Shopper	The First-Taste Reactor
The Sparkling-Format Switcher	The Seasonal-Drop Chaser
The Spec-Grid Comparer	The Sceptic Who Wants A Diagram
The Spec-Sheet Buyer	The Sceptic Who Wants A Diagram
The Special-Edition Grooming Buyer	The Seasonal-Drop Chaser
The Spectacle-Demo Watcher	The Salon-Result-At-Home Chaser
The Sponsored-Athlete Believer	The Team-Issued Fuel Buyer
The Sponsored-Athlete Watcher	The Team-Issued Fuel Buyer
The Sprouts Aisle Convert	The Aisle-Side Comparison Shopper
The Stage-Authority Follower	The Man Watching Another Man's Routine
The Stanley-Cup Ritualist	The At-Home Cafe Recreator
The Starbucks Order Recreator	The At-Home Cafe Recreator
The Still-Moving Older Woman	The Woman In A New Phase Of Life
The Stock-Up Deal Hunter	The Cost-Per-Day Calculator
The Street-Interview Believer	The Street-Sampled Stranger
The Street-Poster Discoverer	The Entertained Bystander
The Street-Stopped Stranger	The Street-Sampled Stranger
The Stress-Aware Self-Optimizer	The One-More-Input Optimiser
The Stress-Relief Self-Prescriber	The One-More-Input Optimiser
The Student Facing Finals Without a Prescription	The One-More-Input Optimiser
The Style-Conscious Comfort Convert	The Warm-Weather Uniform Buyer
The Stylist Reselling In-Chair	The Trade Account Holder
The Stylist-Validated Convert	The One Who Got Complimented
The Sub-Five-Dollar Impulse Buyer	The Cost-Per-Day Calculator
The Sugar-First Ingredient Objector	The Parent Auditing The Gummy Panel
The Sun-Hoody Convert	The Armchair Expeditioner
The Sunday-Morning Lounger	The Slow-Ritual Aspirant
The Supplement-Stack Abandoner	The Four-Benefit Consolidator
The Surfer-Look Aspirant	The Beach-Hair Chaser
The Surreal-Ad Rememberer	The Entertained Bystander
The Sweat-Anxious Man	The Intimate-Symptom Confessor
The Sweat-Prone Sock Wearer	The Foot-Shape Convert
The Switching Dog Parent	The Dog-Years Extender
The System Buyer	The Kit-Over-Components Buyer
The Tailgate Outdoorsman	The Boot-Of-The-Car Snacker
The Target-Aisle Verifier	The Aisle-Side Comparison Shopper
The Taste Skeptic Being Ambushed	The First-Taste Reactor
The Taste-Test Skeptic	The First-Taste Reactor
The Tattooed Straight-Talker's Audience	The Straight-Talking Operator
The Team-Endorsed Buyer	The Team-Issued Fuel Buyer
The Technical-Trouser Buyer	The Product-Feed Browser
The Texture-Curious Butter Buyer	The Texture-Proof Watcher
The Texture-First Skincare Buyer	The Texture-Proof Watcher
The Texture-Led Buyer	The Texture-Proof Watcher
The Texture-Pour Sensualist	The Texture-Proof Watcher
The Texture-Pour Watcher	The Texture-Proof Watcher
The Tin-Brand Loyalist	The Trade-Pro Recommended Buyer
The Toe-Sock Curious	The Foot-Shape Convert
The Tonal-Colourway Buyer	The Product-Feed Browser
The Trail-Ready Woman	The Armchair Expeditioner
The Trail-Runner Buying Bounce	The Armchair Expeditioner
The Trail-Use Verifier	The Sceptic Who Wants A Diagram
The Travel-Comfort Packer	The Travel-Size Packer
The Travel-Size Sampler	The Travel-Size Packer
The Travel-Size Trialist	The Travel-Size Packer
The Trial-Pack Toe-Dipper	The Variety-Pack Household Buyer
The Try-Before-You-Buy Convert	The Refund-Risk Calculator
The Twelve-Year Acne Veteran	The Overwhelmed Ingredient Shopper
The Twenty-Something Morning Documentarian	The Get-Ready-With-Me Follower
The Twenty-Something Seeing Early Lines	The Injectables Alternative Seeker
The Two-Flavour Variety Buyer	The Variety-Pack Household Buyer
The Two-Product Comparer	The Bathroom Haul Watcher
The Ulta-Aisle Discoverer	The Aisle-Side Comparison Shopper
The Unboxing Evaluator	The First-Open Unboxer
The Unboxing Gift-Giver	The Themed Gift Shopper
The Underarm-First Practical Buyer	The At-Home Laser Convert
The Understated-Formulation Buyer	The Object-As-Statement Buyer
The Vernacular-First Confidante	The Intimate-Symptom Confessor
The Vest-Over-Pack Convert	The Armchair Expeditioner
The Vial-Row Completist	The Object-As-Statement Buyer
The Viral-Product Latecomer	The Scarcity-Cued Buyer
The Visible-Result Athlete	The Team-Issued Fuel Buyer
The Vitamin-Label Checker	The Parent Auditing The Gummy Panel
The Volume-Testimonial Reader	The Review-Wall Reader
The Volume-That-Lasts Sceptic	The Hair-Transformation Watcher
The Waitlist Believer	The Scarcity-Cued Buyer
The Walmart Basket Filler	The Aisle-Side Comparison Shopper
The Wash-Day Documenter	The Get-Ready-With-Me Follower
The Week-by-Week Progress Tracker	The Hormone-Habit Builder
The Weight-And-Drape Assessor	The Softness Sceptic
The Welcome-Gift Subscriber	The Free-Gift Threshold Buyer
The Welcome-Kit Arbitrageur	The Free-Gift Threshold Buyer
The Western-Collab Follower	The Fandom Collector
The Which-One-Should-I-Buy Asker	The Overwhelmed Ingredient Shopper
The Whole-Food Purist	The Clean-Label Bar Scanner
The Whole-Room Aspirant	The Bedroom-As-Sanctuary Decorator
The Why-Should-I Explainer Seeker	The Sceptic Who Wants A Diagram
The Will-It-Work-For-My-Hair Doubter	The Refund-Risk Calculator
The Winter Reset Subscriber	The Seasonal-Drop Chaser
The Woman Cataloguing Her Own Symptoms	The Self-Blamer Let Off The Hook
The Woman Doing Everything Right And Getting Nowhere	The Self-Blamer Let Off The Hook
The Woman Dreading Summer Nights	The Hot Sleeper
The Woman Noticing Her Hands	The Woman Whose Hands Gave Her Age Away
The Woman Quietly Managing PCOS Symptoms	The Intimate-Symptom Confessor
The Woman Reclaiming Confidence In Her Own Body	The Intimate-Symptom Confessor
The Woman Snapping At Her Family	The Self-Blamer Let Off The Hook
The Woman Watching Her Belly Month by Month	The Dieter Whose Old Tricks Stopped Working
The Woman Watching Her Hair Thin	The Damage-Repair Seeker
The Woman Who Followed the Fat-Loss Rules and Got Worse	The Self-Blamer Let Off The Hook
The Woman Who Named Her Belly "Menobelly"	The Self-Blamer Let Off The Hook
The Woman Whose Forties Arrived Overnight	The Woman In A New Phase Of Life
The Woman Whose Sex Life Became a Health Problem	The Intimate-Symptom Confessor
The Woman With Chin Hair She Tells No One About	The Smooth-Skin Shortcut Taker
The Woman With Irish Curls	The Custom-Formula Believer
The Zero-Risk Trialist	The Refund-Risk Calculator
The Man Explaining It In A Driveway	The Straight-Talking Operator
The Four-Out-Of-Five Reassured	The Review-Wall Reader
The 80-Pounds-Down Proof Seeker	The Review-Wall Reader
The In-Store Demonstrator	The Aisle-Side Comparison Shopper
