1.1	The GLP-1 Patient Afraid of Losing Muscle	Knows the drug takes weight indiscriminately and fears the loss is coming off the wrong tissue; wants the injection's damage bounded rather than its results questioned.
1.2	The Supplement-Stack Abandoner	Has a shelf of half-finished bottles she never remembers to take; one pack a day is the promise that the routine will finally survive contact with her mornings.
1.3	The Man Who Buys Another Man's Discipline	Treats a visibly disciplined celebrity as evidence the product belongs to a life he wants; the physique does the arguing, the formula is barely mentioned.
1.4	The Taste Skeptic Being Ambushed	Assumes protein food is punishment, so genuine on-camera surprise is the only proof she will accept from a stranger.
1.5	The Cross-Section Inspector	Does not trust a wrapper shot; needs the bar broken open so texture and filling can be judged before she risks a box.
1.6	The Street-Stopped Stranger	Believes an unrehearsed reaction on a pavement cannot be bought, which is exactly why the format keeps working on her.
1.7	The Coffee Creamer Defector	Has one daily ritual she will not give up and is being offered a swap inside it rather than a new habit on top of it.
1.8	The Flavour-Curious Deal Taker	Already accepts the category and is choosing between variants; a named flavour plus a discount is the whole decision.
1.9	The Dessert-Identity Snacker	Wants the treat to look like a treat, not a supplement; sprinkles and a pink base are the point and the macros are the permission slip.
1.10	The Limited-Drop Chaser	Follows the brand the way she follows sneaker releases; scarcity is the product and the flavour is the excuse.
2.1	The Macro Purist's Opponent	Tired of being audited by stricter eaters online; the ad takes her side against the comment section and sells belonging as much as food.
2.2	The Breakfast Rule-Breaker	Wants explicit permission to eat dessert at 8am; naming it a breakfast treat converts a transgression into a category.
2.3	The 8PM Craving Negotiator	Knows exactly which hour her willpower fails and is shopping for a substitute rather than more resolve.
2.4	The Breakfast Rule-Breaker	Wants explicit permission to eat dessert at 8am; naming it a breakfast treat converts a transgression into a category.
2.5	The Candy-Aisle Convert	Judges a protein bar against a Reese's, not against another bar; the marshmallows in frame set that comparison deliberately.
2.6	The Texture-Led Buyer	Buys on mouthfeel words before macros; fluffy and cookie dough are doing more work than fifteen grams.
2.7	The Accidental-Discovery Watcher	Responds to being shown a find rather than sold a product; the POV framing lets her feel she stumbled on it herself.
2.8	The Glovebox Stocker	Buys for the gap between leaving the house and eating properly; keys in frame place the product in transit, not in a kitchen.
2.9	The Bulk Case Buyer	Already converted and now optimising cost per bar; a twelve-count and a calorie number is a restock prompt, not a pitch.
2.10	The Glovebox Stocker	Buys for the gap between leaving the house and eating properly; keys in frame place the product in transit, not in a kitchen.
3.1	The Shelf-Recognition Shopper	Buys the pack she can already picture in a store aisle; a clean product-on-colour shot is a memory aid, not an argument.
3.2	The Flavour-Line Completist	Trusts the brand and is now working through its range; the new variant is the entire news.
3.3	The Post-Workout Recipe Follower	Wants the bar turned into something more than a bar; a recipe makes an ordinary product feel like a technique she has learned.
3.4	The Flavour-Line Completist	Trusts the brand and is now working through its range; the new variant is the entire news.
3.5	The Visible-Result Athlete	Reads a lean running body as the credential; the billboard behind him makes the claim feel civic rather than advertised.
3.6	The College Athlete's Shelf	Buys inside a team context where food is equipment; the branded track and matching kit signal institutional approval.
3.7	The Desk-Bound Snacker	Eating at a workstation without leaving it; the ad meets her in the hour when the alternative is a vending machine.
3.8	The Gym-Floor Realist	Wants a bar recommended by someone who plainly trains rather than someone who plainly models.
3.9	The Commuting Energy Seeker	Fuels a journey rather than a workout; a helmet and real fruit reframe the bar as transport food, not sports nutrition.
3.10	The Tailgate Outdoorsman	Buys for the boot of the car and the start of a trip; the product is packed, never plated.
4.1	The Snack-Sharing Mother	Wants one thing she can eat and hand to a toddler without a second decision; togetherness is the benefit and the ingredients are the permission.
4.2	The Lunchbox Buyer	Purchasing for a child who will reject anything worthy-looking; kid branding plus four grams of sugar is the negotiated settlement.
4.3	The Portion-Format Convert	Prefers many small bites to one committed bar; the pack format is what changed her mind, not the ingredients.
4.4	The Twenty-Something Morning Documentarian	Frames her routine as content; the product earns its place by being a legible prop in a morning she is already performing.
4.5	The Portion-Format Convert	Prefers many small bites to one committed bar; the pack format is what changed her mind, not the ingredients.
4.6	The Portion-Format Convert	Prefers many small bites to one committed bar; the pack format is what changed her mind, not the ingredients.
4.7	The Organic-Label Reader	Scans for the ingredient flag before the macro; organic oats is the phrase that clears the purchase.
4.8	The Sponsored-Athlete Believer	Accepts a paid partnership as a credential rather than discounting it, provided the body is real and the sport is visible.
4.9	The Clean-Label Lifter	Auditing for seed oils and soy as closely as protein; a Notes-app screenshot reads as a private recommendation rather than a brand claim.
4.10	The Avoidance-Story Listener	Buys from a narrative about what someone stopped doing; the confession format sells a decision rather than a product.
5.1	The Buyer Who Asked Why It Costs That Much	Suspects premium pricing is margin rather than ingredients; answering the objection in public converts a complaint into the proof point.
5.2	The Ingredient Flat-Lay Reader	Wants to see the components laid out separately before trusting the finished bar; the deconstruction is the label she actually believes.
5.3	The Shake Replacer	Already blends something every morning and is being sold out of the washing-up, not out of the nutrition.
5.4	The Childhood-Treat Comparator	Judges the bar against a rice crispy treat rather than a competitor; the nostalgia reference sets the taste expectation the macros then survive.
5.5	The Founder-Vouched Buyer	Wants a real person standing behind the product rather than a brand voice; the man on camera is the guarantee.
5.6	The Founder-Vouched Buyer	Wants a real person standing behind the product rather than a brand voice; the man on camera is the guarantee.
5.7	The Lifestyle-Adjacent Follower	Buys into the life around the product before the product; the guitar and the beach are the offer and the bar is the souvenir.
5.8	The Manufacturing-Floor Skeptic	Believes what he is shown being made; showing tallow going into a vat pre-empts the seed-oil question before it is asked.
5.9	The Whole-Food Purist	Measures every packaged food against an actual banana and expects it to lose; putting the fruit in frame is a deliberate dare.
5.10	The Seed-Oil Avoider	Screens on what is absent rather than what is added; no seed oils and nothing artificial do the entire selling.
6.1	The Man Who Eats the Whole Box	Treats breakfast as a loading problem rather than a meal; a hundred grams in one bowl is the flex, not the nutrition advice.
6.2	The Man Who Eats the Whole Box	Treats breakfast as a loading problem rather than a meal; a hundred grams in one bowl is the flex, not the nutrition advice.
6.3	The Creatine-In-Everything Lifter	Wants his supplements folded into food he was eating anyway; the creatine line is what separates this from cereal.
6.4	The Man Who Eats the Whole Box	Treats breakfast as a loading problem rather than a meal; a hundred grams in one bowl is the flex, not the nutrition advice.
6.5	The Flavour-Switching Bulker	Sold on the format and now avoiding palate fatigue; the variant exists so the routine survives another month.
6.6	The Gym-Before-Work Breakfaster	Needs the first meal to carry the session; framing cereal as fitness fuel lets him keep a childhood food inside an adult programme.
6.7	The Man Who Has Not Done the Maths	Assumes he eats enough protein and has never checked; being told bluntly that he does not is the whole hook.
6.8	The Daily-Habit Builder	Believes consistency beats dose and wants a rule simple enough to keep; the body-cannot-store-protein line supplies the reason.
6.9	The Recovery-Score Optimiser	Runs his body off a wearable dashboard; a readiness percentage in frame speaks to someone who already quantifies himself.
6.10	The Gym-Bag Flat-Lay Owner	Curates what he carries as an identity; the drink earns inclusion by looking right among the keys and the trainers.
7.1	The Single-Ingredient Believer	Reads a long ingredient list as evidence of something being hidden; one named compound is the reassurance he is buying.
7.2	The Label Investigator	Actively distrusts protein powders after years of proprietary blends; a magnifying glass over four ingredients dramatises the audit she wanted to run.
7.3	The Soda Habit Replacer	Is not trying to add protein, she is trying to quit soda; the side-by-side table lets her swap without admitting she is dieting.
7.4	The Poolside Refresher	Wants a summer drink that does not read as a supplement; clear liquid over ice removes every cue of a shake.
7.5	The Kitchen-Counter Mixer	Needs to see the powder behave in a real glass before believing the clear claim.
7.6	The Fruit-Punch Nostalgic	Buying a childhood flavour with an adult macro; the nostalgia is the product and the twenty grams is the alibi.
7.7	The Poolside Refresher	Wants a summer drink that does not read as a supplement; clear liquid over ice removes every cue of a shake.
7.8	The Result-In-The-Glass Watcher	Will not trust a powder until she has seen what it actually looks like poured; the finished drink is the proof shot.
7.9	The Review-Wall Reader	Converts on volume of strangers rather than a single testimonial; a scrolling wall of verified reviews is the argument.
7.10	The Review-Wall Reader	Converts on volume of strangers rather than a single testimonial; a scrolling wall of verified reviews is the argument.
8.1	The Microplastic-Aware Householder	Has started reading everyday objects as exposure risks; the toothbrush is a proxy for a much larger anxiety about what is in the house.
8.2	The Disgust-Triggered Switcher	Needs to feel revulsion at the incumbent before replacing it; hormone disruptors and carcinogens turn an ordinary object into a threat.
8.3	The Disgust-Triggered Switcher	Needs to feel revulsion at the incumbent before replacing it; hormone disruptors and carcinogens turn an ordinary object into a threat.
8.4	The Return-To-Nature Consumer	Buys the moral position as much as the object; putting it on a rock in a forest is the entire argument for the price.
8.5	The Welcome-Gift Subscriber	Signs up for the stack of freebies rather than the programme; fifty-four dollars of gifts is the number that closes it.
8.6	The Celebrity-Trust Transferer	Cannot evaluate the formula and outsources the judgement to a famous face he already believes is disciplined.
8.7	The Celebrity-Trust Transferer	Cannot evaluate the formula and outsources the judgement to a famous face he already believes is disciplined.
8.8	The Stage-Authority Follower	Trusts someone who has been given a microphone and an audience; the setting confers the credential the claim never states.
8.9	The Coded-Discount Taker	Needs a code and a percentage before acting; the trial framing lowers the commitment rather than the price.
8.10	The Anti-Supplement Gut Fixer	Distrusts pills on principle and wants plants instead; personifying the gut as a caller being ignored turns neglect into guilt.
9.1	The Ingredient-List Auditor	Wants to know exactly what is in the scoop before she commits to a daily habit; naming baobab, chicory root and seaweed is the transparency she is buying.
9.2	The Personalisation Seeker	Rejects the idea that one formula suits everyone and wants to be sorted into her own; the quiz is the product experience.
9.3	The Stress-Relief Self-Prescriber	Has decided her problem is stress rather than sleep or diet, and is shopping a named category for it.
9.4	The Bedtime Ritual Builder	Buys an evening sequence rather than a supplement; calling it a routine makes the purchase about identity, not a symptom.
9.5	The Clinically-Studied Ingredient Shopper	Needs a branded, trademarked compound to believe a calm claim; KSM-66 does the work a vague adaptogen never could.
9.6	The Face-To-Camera Convert	Trusts a woman explaining a jar in her own kitchen more than any packaging; the informality is the credential.
9.7	The Quiet-Result Reporter	Responds to understatement rather than transformation; low-key delivery reads as someone with nothing to sell.
9.8	The Woman Watching Her Hair Thin	Reads thinning as a countdown she can still interrupt; doesn't have to be forever is aimed exactly at that fear.
9.9	The Vitamin-Label Checker	Has stopped buying the fun-looking children's vitamins and now checks the first ingredient; the ad rewards her new suspicion.
9.10	The Sugar-First Ingredient Objector	Puts a product back when sugar leads the label; organic fruit as first ingredient is the single fact she needs.
10.1	The Parent of a Vegetable Refuser	Living a nightly negotiation at the dinner table; the mock news bulletin lets her laugh at a problem she finds genuinely wearing.
10.2	The Dog Owner Who Reads Labels	Has transferred her own clean-eating standards onto the dog; a five-star quote from another owner closes the gap between care and cost.
10.3	The Switching Dog Parent	Already dissatisfied with the current bag and looking for permission; see why others are switching removes the risk of being first.
10.4	The Longevity-Minded Dog Owner	Is not feeding a pet, she is postponing a loss; a longer life rather than a fuller bowl names the real purchase.
10.5	The Real-Food Dog Feeder	Judges dog food by whether she can identify what is in the bowl; the cloche reveal borrows restaurant grammar to make kibble look shameful.
10.6	The Gaming-IP Collector	Buys the collaboration rather than the formula; the licensed property is the product and the energy is the delivery mechanism.
10.7	The Franchise Loyalist	Follows a show into the supplement aisle; a limited character tin is a merch purchase that happens to be drinkable.
10.8	The Bulk Sachet Stocker	Buys in twenty-packs because the habit is daily and the format is disposable; unit price is the whole calculation.
10.9	The Free-Shaker Threshold Buyer	Waits for the accessory to be bundled before ordering; the shaker is a tangible object where a percentage is abstract.
10.10	The Deep-Discount Waiter	Never buys at full price and knows the cycle; fifty-six per cent is the number that finally moves him.
11.1	The Convenience-Store Cost Escapee	Has done the arithmetic on four to seven dollars a can and been shocked by his own annual spend; powder is the answer to a budget, not a taste.
11.2	The Cookware Upgrader	Treats a pan as a durable purchase and wants it to look like equipment; the dark studio shot sells permanence.
11.3	The Range-Completing Owner	Already owns the line and is being told a gap in it now exists; out now is aimed at a customer, not a prospect.
11.4	The Chef-Endorsed Home Cook	Wants the validation of someone who cooks professionally; giving a damn is framed as the entry requirement, not the skill.
11.5	The Scarcity-Driven Kitchen Collector	Buys limited runs to complete a set; limited quantities converts a pizza steel into an event.
11.6	The Sensory Demo Watcher	Convinced by material behaviour rather than specification; watching something move on the surface does what a spec sheet cannot.
11.7	The Home-Bar Aspirant	Buying a hosting identity; a celebrity collaboration on a shaker sells the evening he imagines having.
11.8	The Woman Cataloguing Her Own Symptoms	Has bloating, mood swings and crashes filed as separate problems and is being offered one cause for all three.
11.9	The Forty-Something Whose Body Changed Without Warning	Experienced the shift as sudden and unexplained; being told there is a mechanism is more valuable than being told there is a cure.
11.10	The Woman Who Stopped Taking It	Regret framing aimed at a lapsed user rather than a new one; the loss she is being sold is of a result she already had.
12.1	The Consistency-Discounted Subscriber	Knows her failure mode is stopping after a month; the saving is priced against her own history of quitting.
12.2	The Woman Snapping At Her Family	Locates the shame in her temper rather than her body, which is a far more private admission and a far stronger hook.
12.3	The Woman Doing Everything Right And Getting Nowhere	Same effort, different outcome is the exact grievance; the ad blames her physiology so she does not have to blame her discipline.
12.4	The Woman Whose Forties Arrived Overnight	Reads a sudden change in shape as betrayal rather than ageing; naming the decade tells her she is not an isolated case.
12.5	The Mechanism-Wanting Skeptic	Will not buy a hormone claim without steps; a numbered four-stage explanation plus a price is what converts her scepticism.
12.6	The Texture-First Skincare Buyer	Decides on how a product feels between her fingers; the swatch is the demonstration and the claim is secondary.
12.7	The Still-Moving Older Woman	Wants proof the buyer stayed capable, not just that she looks well; the exercise mat is the evidence.
12.8	The Under-Eye Self-Auditor	Examines one specific feature in the mirror daily; a split-screen on the same face is the only before-and-after she trusts.
12.9	The Fifty-Something Comparison Shopper	Uses a visibly age-matched celebrity as the benchmark; at 52 is the qualifier doing all the work.
12.10	The Spanish-Speaking Try-Before-Buy Shopper	Wants the pitch in her own language and the risk removed before she pays; taste and mixability are the practical objections being answered.
13.1	The Spanish-Speaking Routine Sharer	Wants a trick rather than a regimen, told by a peer in her own language at her own kitchen counter.
13.2	The Ingrown-Hair Sufferer	The hair is not the problem, the aftermath is; listing rashes, itch and ingrowns names what actually ruins the week after shaving.
13.3	The Unboxing Evaluator	Judges an expensive device by how it arrives; the tray, the goggles and the fit of the case are read as evidence of engineering.
13.4	The Postpartum Woman With PCOS	Dealing with hair growth that is medical rather than cosmetic; hearing her exact double diagnosis said aloud is what stops the scroll.
13.5	The Spanish-Speaking At-Home Laser Convert	Wants clinic results in her own bathroom and in her own language; the playful line keeps a clinical device intimate.
13.6	The Razor-As-Self-Expression Buyer	Treats a disposable object as a taste signal; asking what her razor says about her turns commodity into character.
13.7	The Sub-Five-Dollar Impulse Buyer	Buys on the price point alone at this tier; under five dollars removes deliberation entirely.
13.8	The Cola-Stain Worrier	Knows exactly which drink is discolouring her teeth and will not give it up; the ad sells around the habit rather than against it.
13.9	The Free-Product Pile Believer	Reads a warehouse of stock being given away as proof of confidence rather than desperation.
13.10	The Man Comparing Against The Drawer	Being shown his own chaotic alternative next to one tidy device; the contrast is with his current mess, not a rival brand.
14.1	The Special-Edition Grooming Buyer	Owns the standard model and is being sold a colourway; the spec list is reassurance, the finish is the actual purchase.
14.2	The Man With A Chaotic Grooming Drawer	Recognises his own drawer instantly; the sticky-note PSA format makes the tidy-up feel like advice from a friend.
14.3	The Single-Problem Solver	Has one specific grooming complaint and wants one small tool for it, not a system.
14.4	The College Move-In Shopper	Buying against a seasonal checklist; framing it as an essential places it beside the laundry basket and the lamp.
14.5	The Bundle Comparison Reader	Wants the two devices' specs side by side before committing to the pair; the saving is secondary to knowing what each does.
14.6	The Aesthetic Bathroom Shopper	Buys the object that will sit on show; sparkle and colour are the specification.
14.7	The Blade-Count Logic Follower	Wants the reasoning spelled out as a chain: more blades, fewer swipes, less irritation. The syllogism is the persuasion.
14.8	The Surreal-Ad Rememberer	Not being sold a feature at all; the strangeness buys recall in a category where every ad looks identical.
14.9	The Disposable-Razor Accumulator	Confronted with the pile she has thrown away; the waste is the argument, and saving money is the permission.
14.10	The At-Home Device Sceptic Being Won Over	Needs a real person holding the device in a real bedroom before she believes a home tool can do a salon job.
15.1	The Gift-Set Buyer	Purchasing for someone else and needs it to look considered; the pouch and the colour do the work a formula never could.
15.2	The Sensitive-Skin Shaver	Has been hurt by ordinary shave products and is reading for protective and soothing before anything else.
15.3	The Review-Screenshot Scanner	Skims stacked five-star quotes for one that matches her exact problem; holy grail and pain-free are the phrases she is hunting.
15.4	The Ingrown-Fix Searcher	Arrived with a specific symptom already named in her head; the ad simply confirms it has the answer.
15.5	The Minimal-Object Aesthete	Wants intimate care to look like nothing at all on the shelf; the near-empty frame is the promise of discretion.
15.6	The Shark-Tank Validated Shopper	Treats televised investor approval as diligence already done on her behalf.
15.7	The Sensory-Jar Buyer	Buys the material itself; a glowing amber jar suspended in warm light sells texture before function.
15.8	The ASMR Routine Watcher	Watching for the sensation rather than the result; the sound and the pull are the content and the product is incidental.
15.9	The Girl With Nothing On At 6PM	Turning an empty evening into a small private ritual; the loneliness is acknowledged lightly rather than solved.
15.10	The Holiday-Prep Groomer	Working to a date and a swimsuit; the place and the prep framing makes grooming a travel task with a deadline.
16.1	The Woman Reclaiming Confidence In Her Own Body	Intimate care framed as how she feels undressed rather than how she looks dressed; the promise is private and the proof is her posture.
16.2	The Last-Minute Date Preparer	Keeps a kit for an occasion she has not scheduled yet; break-glass framing makes preparedness feel spontaneous rather than anxious.
16.3	The Time-Blocked Router	Runs her day in scheduled slots and is being sold a slot, not a product; putting it after school drop-off is the entire pitch.
16.4	The Single-Quote Convert	Needs one confident sentence from a stranger; superlative plus a clean product shot is the whole ad.
16.5	The Fragrance-Tier Chooser	Choosing a personality from a named grid rather than a scent from a description; the tier names do the self-selection.
16.6	The Character-Collaboration Collector	Buys the licence, not the sanitiser; a familiar cartoon converts a utility object into something worth displaying.
16.7	The Courtside Accessory Watcher	Reads what people carry at events as a shopping list; the product earns attention by being visible on someone stylish.
16.8	The Seasonal Scent Switcher	Rotates fragrance with the calendar; a holiday postcard theme gives her permission to buy another one she does not need.
16.9	The Expressive-Reaction Follower	Buys on a creator's face rather than her words; the exaggerated reaction is the review.
16.10	The Woman Noticing Her Hands	Has started reading her hands as the part that gives her age away; naming collagen loss makes a vague worry specific and treatable.
17.1	The Hand-Result Reporter	Judging a hand cream on her own hands in her own light; the unpolished close-up is the proof a studio shot could not give.
17.2	The Age-Spot Noticer	Has started reading brown spots and thinning skin as the tell; spa-plus-time-machine promises pleasure and reversal in one line.
17.3	The First-Order Discount Taker	Interested but unwilling to pay full price to find out; fifteen per cent is the size of the risk she will accept.
17.4	The Woman Who Saw Someone Older With Better Hands	Comparing forward rather than back; a woman in her sixties with good hands is the outcome she is buying toward.
17.5	The Mess-Tolerant Realist	Wants a product that survives an actual life rather than a curated one; admitting to lots of messes is the credibility.
17.6	The Bundle Arithmetician	Prices the free gifts rather than the coffee; the frother, scoop and tumbler are the reason to order today.
17.7	The Household-Routine Watcher	Buys into a home that looks calm and run well; the product is furniture in an aspirational domestic scene.
17.8	The Mushroom-Coffee Comparison Shopper	Already knows the category and is asking which one; answering a commenter positions the brand as the informed choice, not the first one.
17.9	The Bed-Rotting Girlie	Has a name from the internet for her own paralysis; framing it as executive dysfunction and dopamine depletion medicalises it without a diagnosis.
17.10	The Winter Reset Subscriber	Buys seasonally as a reset rather than continuously; the box arriving is the moment being sold.
18.1	The Premium-Honey Justifier	Needs the price defended before she can defend it to herself; asking whether it is worth it out loud is the permission structure.
18.2	The Collector Rather Than Hoarder	Owns several jars and has been made slightly self-conscious about it; relabelling the habit as collecting removes the shame.
18.3	The Potency-Grade Reader	Shops on the MGO number the way others shop on percentages; the graded strength is the specification she has learned.
18.4	The Texture-Pour Watcher	Convinced by how thickly it moves; viscosity is the authenticity test for honey.
18.5	The Which-One-Should-I-Buy Asker	Standing in front of a range and paralysed; a peer answering the exact question with a number is what unblocks the purchase.
18.6	The Man Preparing To Be Seen	Buying for a performance situation rather than a workout; public speaking names the stake precisely.
18.7	The Man Asked What He Carries	Being given a script for a question he wants to be asked; the product is a conversation piece he can explain.
18.8	The Sponsored-Athlete Watcher	Reads a kit and a pitch as evidence the drink belongs to real sport rather than to a shelf.
18.9	The Festival Crowd Member	Buying the night rather than the ingredient; hands raised in a crowd sell belonging, and caffeine is the mechanism.
18.10	The Flavour-Drop Follower	Follows the brand for new variants; a can on grass with a new name is a launch notice to an existing drinker.
19.1	The Colour-First Can Chooser	Selects by flavour identity and packaging before function; the fruit and the palette are the decision.
19.2	The Poolside Flavour Seeker	Buying a holiday feeling in a can; coconuts and water do the positioning entirely.
19.3	The Sparkling-Format Switcher	Already drinks the brand and is being told there is a version with different bubbles.
19.4	The At-Home Barista Without A Machine	Blocked by equipment rather than desire; no espresso machine needed is the sentence that removes the obstacle.
19.5	The Healthier-Latte Series Follower	Following an ongoing content series rather than an ad; episode five signals a habit she has already opted into.
19.6	The Unboxing Gift-Giver	Buys sachets to hand out; the packaging is designed to be given, and the ad shows the giving.
19.7	The Coffeemaxxing Optimiser	Treats her daily coffee as a stack to be upgraded; the internet vocabulary marks it as an identity rather than a drink.
19.8	The Starbucks Order Recreator	Has a specific chain order she is trying to reproduce more cheaply and cleanly at home.
19.9	The Kitchen-Counter Aesthete	Buys what will look right beside a pink espresso machine; the product is styling as much as it is coffee.
19.10	The 4AM Thirst Sufferer	Wakes dehydrated and is being sold to at the exact hour of the problem; the fridge line is the punchline and the promise.
20.1	The Fridge-Stockpiler	Buys the same thing in bulk and finds the excess funny rather than embarrassing; the shelf is the joke and the loyalty.
20.2	The Coconut-Water Ranker	Already in the category and arguing about which brand wins; the comparison is the content.
20.3	The Nostalgia-Truck Buyer	Reached through a childhood setting rather than a health claim; the ice cream van does the emotional work.
20.4	The Christmas-Bedding Refresher	Treats the holidays as the moment to replace bedding; the tree in frame dates the purchase precisely.
20.5	The Guest-Room Preparer	Buying for how the room will look to someone else; the made bed is the deliverable.
20.6	The Period-Drama Escapist	Reached through a fandom voice rather than a product claim; the pastiche buys attention that a duvet cannot.
20.7	The Hot Sleeper	Has one specific complaint that ruins her nights; a coldness scale speaks directly to a person who overheats.
20.8	The Hot Sleeper	Has one specific complaint that ruins her nights; a coldness scale speaks directly to a person who overheats.
20.9	The Woman Dreading Summer Nights	Buying ahead of a season she knows will be bad; anticipation of the problem is the trigger, not the current temperature.
20.10	The Silky-Result Reviewer	Wants one specific sensory outcome confirmed by a named user; way more than I expected is the phrase that carries it.
21.1	The Woman Talking Straight To Camera	Wants a peer's unedited verdict with no set and no script; the plainness is the proof.
21.2	The Frizz-Fighter Who Nearly Quit	Has cycled through products and given up; almost gave up meets her at the point of resignation rather than of hope.
21.3	The Spectacle-Demo Watcher	Needs a physical stunt before she will believe a claim; pouring water over finished hair is a test she could not run herself.
21.4	The One-Product Simplifier	Exhausted by multi-step routines; transforming frizz with a single bottle is a promise about her time, not her hair.
21.5	The Travel-Size Trialist	Wants to test an expensive product at low cost and low commitment; the small format is the entry point.
21.6	The Glass-Hair Aspirant	Chasing one very specific finish that has a name online; the reference look is the specification.
21.7	The Woman With Irish Curls	Being addressed by an unusually specific hair description; the precision is what convinces her it was made for her type.
21.8	The Wash-Day Documenter	Films her own routine and needs products that survive being shown; the towel and the tool are the context.
21.9	The Regimen Buyer	Wants the full set recommended together rather than one hero; the dream team framing removes the decision of what to pair.
21.10	The Sleek-Finish Chaser	Judges everything on the final mirror shot; the length and shine at the end is the only argument she needs.
22.1	The Bold-Colour Client	Has invested in unnatural colour and now needs products that will not strip it; the colour in frame is the qualification.
22.2	The Curl-Type Matcher	Scans for hair that looks like hers before listening; the model's curl pattern is the filter.
22.3	The Full-Range Displayer	Buys sets to line up on a shelf; the tray presentation is aspiration for her own bathroom.
22.4	The Sephora Cross-Shopper	Buys where she already has points and returns; the retailer is the reassurance, the product is the choice.
22.5	The Street-Poster Discoverer	Reached by something that does not look like advertising; a tear-off flyer in a city buys curiosity a feed ad cannot.
22.6	The Serum Spec-Reader	Wants the product summarised without a story; five words is a promise to waste none of her time.
22.7	The Order-Of-Operations Asker	Owns the products and does not know the sequence; answering the order question is a service that sells the set.
22.8	The Lately-I've-Been-Using Storyteller	Trusts a slow, casual account of an ongoing habit over any before-and-after.
22.9	The Editor-Approved Shopper	Defers to a masthead's pick; the CNN attribution is doing the whole job.
22.10	The Effortless-Texture Aspirant	Buying an unstyled look that in fact requires product; the relaxed pose is the deliverable.
23.1	The Refill-Pouch Buyer	Has bought the bottle and is now buying against waste and price; the refill signals commitment to the brand.
23.2	The Salon-Technique Watcher	Wants to see professional hands work; smooth, sculpt, shine is a sequence of actions rather than benefits.
23.3	The Quiet-Luxury Shelf Buyer	Buying an object that will read as expensive without shouting; the muted bottle on a blank ground is the point.
23.4	The Fine-Hair Volume Seeker	Needs lift without weight and is watching for how the spray falls; texture is a physics problem to her.
23.5	The Waitlist Believer	Treats a three-thousand-person waitlist as proof of efficacy; back in stock is the trigger to buy immediately.
23.6	The Second-Day Hair Manager	Extending time between washes; the clip and the smoothed root are what she is actually buying.
23.7	The Colour-Treated Protector	Has paid for colour and now buys defensively; a matched shampoo and conditioner pair is insurance on that spend.
23.8	The Bangs Regretter	Has a specific styling problem created by a specific haircut; naming bangs in summer is precise enough to feel personal.
23.9	The Volume-That-Lasts Sceptic	Has been let down by volume products that collapse by lunch; day-one persistence is the claim being tested.
23.10	The Product-In-Hand Explainer	Wants a person holding the bottle and saying what it does; the demonstration is the format she trusts.
24.1	The Texture-Curious Butter Buyer	Buying an unusual format and needs to understand why it exists; the reason is the hook, the product is second.
24.2	The Aspirational-Dressing Watcher	Buys the whole picture; the styling and the light are the product and the bottles are props.
24.3	The Deadpan Reviewer's Audience	Trusts humour and low production as evidence nobody is performing at her.
24.4	The Category Sceptic Holding The Bottle	Being asked to accept an unfamiliar product type; the hand-held demo is what makes a shampoo-replacement legible.
24.5	The Will-It-Work-For-My-Hair Doubter	Blocked entirely by the fear that her hair type is the exception; try it for zero dollars is aimed at that objection alone.
24.6	The Cleansing-Without-Stripping Convert	Believes conventional shampoo has been damaging her; the reframing is the sale.
24.7	The Stylist Reselling In-Chair	A professional buyer being sold on margin, not efficacy; the earnings quote is the pitch.
24.8	The No-Makeup-Makeup Translator	Understands the beauty grammar being borrowed; naming the look tells her exactly what finish to expect.
24.9	The Pomade Traditionalist	Buys tins with heritage branding; the tin itself signals a barbershop lineage the formula never claims.
24.10	The Barbershop-Culture Buyer	Buying membership in a grooming tradition; the shop, the tattoos and the supply-co framing are the product.
25.1	The Coastal-Life Aspirant	Buying the man in the picture rather than the pomade; the van, the dog and the surf are the actual proposition.
25.2	The Authenticity-Signalling Buyer	Suspicious of polished grooming brands; a cluttered real barbershop is the credential the product is borrowing.
25.3	The Mirror-Check Styler	Judges a product on the moment he runs his hands through it; the gesture is the demo.
25.4	The Tin-Brand Loyalist	Recognises the label before the claim; the illustrated lid is the shorthand he already trusts.
25.5	The Colour-Name Shopper	Chooses by shade name and box design; a distinctive name is what she screenshots and searches later.
25.6	The Drop-Watching Colour Fan	Follows the brand for collections rather than products; new arrivals is the entire message.
25.7	The Artist-Collaboration Buyer	Buys the co-sign; a musician's name on the box makes the colour a statement of allegiance.
25.8	The Big-Colour Committer	Making a highly visible change and needs to see it on real hair first; the full result is the reassurance.
25.9	The Get-The-Look Copier	Wants the exact shade someone else achieved; naming the look as a recipe is what converts admiration into an order.
25.10	The Curly-Hair Colour Sceptic	Needs to see the dye behave on texture like hers before risking it; the curl pattern is the qualifying detail.
26.1	The Gadget-Curious Beauty Buyer	Buys tools as much as products; tiny rollers is the mechanical detail that earns the demo.
26.2	The Partner-Recommended Discoverer	Trusts a product that entered the house through someone close; the girlfriend framing removes the advertising suspicion.
26.3	The Hair-Damage-Avoiding Sleeper	Has learned that ordinary elastics cost her hair; satin is a defensive purchase against her own habits.
26.4	The Shedding-Panicked Washer	Watching hair come away in her hands and looking for anything to stop it; the fear is acute rather than cosmetic.
26.5	The Rice-Water Trend Follower	Has met the ingredient on social first and is now looking for a branded version she can just buy.
26.6	The Sale-Waiting Stockpiler	Times purchases to the annual sale and treats it as provisioning; the joke about survival supplies is aimed at a habit she already has.
26.7	The Retail-Aisle Discoverer	Encounters the product on a shelf rather than a feed; showing the peg hook tells her where to physically find it.
26.8	The Walmart Basket Filler	Buys where she already shops weekly; a basket of the product in a familiar store is the whole ad.
26.9	The Club-Store Bulk Buyer	Shops in warehouse quantities and compares member pricing; twenty-seven servings is the unit she thinks in.
26.10	The Two-Flavour Variety Buyer	Wants enough choice to avoid boredom but not enough to require a decision; two flavours is the sweet spot.
27.1	The Costco Aisle Convert	Waiting for a brand to reach the warehouse before trusting it at scale; in-store availability plus a coupon is the trigger.
27.2	The Fifty-Something Man With A Number	Has had bloodwork and now thinks in figures; a specific before-and-after testosterone reading is the format he believes.
27.3	The Man Reading His Body As Symptoms	Has four separate complaints and is being handed a single cause; puffy face and man boobs are named with deliberate bluntness.
27.4	The Last-Chance Stacker	Moves only when quantity and deadline combine; buy two get one with a countdown is the entire mechanism.
27.5	The Long-Term Acne Sufferer Drawing It Herself	Seven years of cystic acne makes her sceptical of polish; a hand-drawn before and after reads as a diary rather than a campaign.
27.6	The Barefoot-Shoe Adjacent Buyer	Already inside a subculture with strong opinions about feet; a founder confessing he built a better version of a cult product speaks that dialect.
27.7	The Sweat-Prone Sock Wearer	Has a specific daily discomfort and has been told synthetic is the cause; organic cotton is positioned as the fix.
27.8	The Toe-Sock Curious	Looking at an odd-looking product and needing it shown plainly; the clean studio shot lets him judge the shape without commitment.
27.9	The Minimal-Brand Trustor	Reads restraint as confidence; a wordmark on a plain field asks him to assume quality rather than be told it.
27.10	The Foot-Function Believer	Believes toes should be able to spread and is buying anatomy, not fashion.
28.1	The Converted Sceptic	Was actively against the product and changed her mind; the reversal is more persuasive than any first-time endorsement.
28.2	The Commuter With Tired Legs	Standing and walking all day; a man in transit with a backpack is the exact use case being sold.
28.3	The Day-Count Documenter	Trusts a running tally over a testimonial; day fifty-seven implies evidence gathered rather than an opinion held.
28.4	The Cold-Footed Sleeper	Cannot get warm in bed and is being sold a very small, very specific fix.
28.5	The Free-Pair Threshold Buyer	Waits for the two-free offer; the sold-out tape doubles as scarcity and as proof.
28.6	The Self-Diagnosing Leg-Ache Sufferer	Wants a checklist that tells her whether her symptom qualifies; three signs is an invitation to self-select.
28.7	The Man With Swamp Foot At Work	Has an embarrassing daily problem he has never named; blaming cotton reframes it as an equipment failure rather than a personal one.
28.8	The Polyester Objector	Has decided synthetic fabric is the problem across his whole wardrobe; the product is defined entirely by what it removes.
28.9	The Viral-Product Latecomer	Buys once something has been validated by other people's attention; calling it the viral pair is the reassurance.
28.10	The Fabric-Label Checker	Now reads garment tags the way he reads food labels; showing the care label is the proof shot.
29.1	The Rack-Comparison Shopper	Judging against a wall of near-identical black shorts; the sameness of the competition is the setup for the difference.
29.2	The Non-Toxic Activewear Convert	Has transferred chemical anxiety from food to clothing; zero polyester and zero synthetics is a purity claim, not a performance one.
29.3	The Material-Science Curious Runner	Wants the mechanism behind a fabric before paying more; explaining how merino regulates temperature is the persuasion.
29.4	The Limited-Flavour Completist	Buys the seasonal release before it goes; sells out is the urgency and the flavour name is the draw.
29.5	The Dessert-Flavour Skimmer	Scans for a flavour that sounds like a treat and checks the macros second; mint cookies and cream leads and fifteen grams follows.
29.6	The Coconut-Bite Comparator	Buys by resemblance to a known confection; the split bite shows texture no ingredient list could.
29.7	The Restaurant-Standard Taster	Uses a high compliment from a stranger as the whole proof; belonging on a menu is the bar being cleared.
29.8	The New-Flavour Announcement Follower	Already a customer being told there is something new; the drop is the news and the product is assumed.
29.9	The Macro-Checking Flavour Buyer	Wants indulgence framing with the numbers still visible; the strip along the bottom is what permits the purchase.
29.10	The Provenance-Led Apparel Buyer	Buying where and how it was made; naming the dye, the mill and the region is the product story.
30.1	The Natural-Dye Aesthete	Buys undyed and plant-dyed for the muted palette as much as the ethics; the flat-lay is the mood board.
30.2	The Process-Watching Buyer	Wants to see the making; drying racks in a field are evidence that this was not mass-produced.
30.3	The Dip-Count Detail Reader	Interested in the specific craft variable; four dips is the kind of detail that signals a real process to someone who cares.
30.4	The Capsule-Wardrobe Builder	Buying a coordinated set rather than a garment; laying four pieces together shows the system she is joining.
30.5	The Shade-Depth Chooser	Wants to select intensity rather than colour; being offered two, six or twelve dips turns buying into specifying.
30.6	The Bar-Discovery Storyteller	Frames the purchase as a find; found an energy bar is the language of a recommendation, not an ad.
30.7	The Older Endurance Athlete	Still training hard at an age where that is notable; the body and the vest do the qualifying.
30.8	The Label-Reading Sceptic On Camera	Turning the packet over on camera is the whole content; the audience wants to watch someone verify.
30.9	The Car-Seat Confessor	Talks to camera parked somewhere private; the setting signals an honest aside rather than a produced review.
30.10	The Older Male Authority	Lends the product the credibility of someone visibly past the age of chasing trends.
31.1	The Kitchen-Island Explainer	A calm domestic demonstration aimed at someone deciding whether this fits an ordinary week.
31.2	The Celebrity-Founder Follower	Buys because a specific famous woman made it and uses it; the founder is the formula.
31.3	The Editorial-Beauty Aspirant	Responds to fashion photography rather than product claims; the black-and-white portrait is the entire proposition.
31.4	The Texture-Pour Sensualist	Convinced by how a product moves; the slow drip on a macro shot sells feel before function.
31.5	The Collection Completist	Buys the set for how it will look together; the tumbling pile of identical bottles is the aspiration.
31.6	The Ambient-Mood Buyer	Being sold a feeling with no product argument at all; the palm and the light carry the brand.
31.7	The Routine Systemiser	Wants her regimen laid out as an ordered tray; the arrangement is the instruction manual she wanted.
31.8	The Reaction-Video Trustor	Buys on an unguarded face; the laugh is the review.
31.9	The Acne-Portfolio Chooser	Has tried single products and failed; being offered a range to select from respects that her acne is specific.
31.10	The Minimal-Label Believer	Reads clinical packaging as evidence of honest pricing; the plain tube is the anti-marketing signal she trusts.
32.1	The Sign-Up Discount Taker	Trades her email for ten per cent; the discount is the transaction and the newsletter is the cost.
32.2	The Community-Validated Buyer	Wants to know what most people already chose; favourites for good reason outsources the decision to the crowd.
32.3	The Two-Scent Bundler	Cannot choose between fragrances and is offered both at a saving; the value strike-through does the maths for her.
32.4	The Travel-Trio Builder	Buys for a suitcase rather than a shelf; the format is the purchase.
32.5	The Full-Size-Plus-Mini Buyer	Wants one for home and one for her bag; the duo solves a logistics problem she already has.
32.6	The Strike-Through Comparer	Converts on the gap between two numbers rather than the number itself.
32.7	The Seasonal Flavour Refresher	Buys lip products the way she buys drinks; fruity lips in season makes it a recurring purchase.
32.8	The Product-In-Hand Reviewer	Wants to see the object held at arm's length by a real person before ordering.
32.9	The Long-Hydration Claim Reader	Judges moisturiser on duration; a hundred hours is a number she can hold against her current jar.
32.10	The Shelfie Curator	Buys the range for how it photographs together; the colour-blocked stack is the product.
33.1	The Themed-Kit Gifter	Buys a coordinated set for the presentation; the basket, the gingham and the fruit motif are the reason it converts.
33.2	The Seasonal Skin Resetter	Treats a change of season as the moment to change products; summer refresh is a calendar prompt rather than a claim.
33.3	The Body-Care Upgrader	Applies her face standards to the rest of her; a body butter in a serum-grade jar is what makes that upgrade legible.
33.4	The Skin-Type Doubter	Assumes most products were made for someone else's face; results for every skin type answers her before she asks.
33.5	The Mineral-SPF Convert	Has decided chemical filters are the problem and is looking specifically for mineral; the format is the requirement.
33.6	The Reluctant Sunscreen Wearer	Skips SPF because of how it feels and looks; glowy finish and lightweight are the objections being retired.
33.7	The Summer-Routine Publisher	Shares her regimen as content; the rooftop setting and the series framing are what make the product worth featuring.
33.8	The Handbag Decanter	Buys what fits the bag she is already carrying; the flat-lay with sandals and keys places the product in a day out.
33.9	The Natural-Deodorant Switcher	Has tried and abandoned natural deodorants before; a serious matte stick signals this one is not a hippie compromise.
33.10	The Mother Reading Baby Labels	Applying maximum scrutiny where she feels least able to take risks; stop rubbing chemicals on your baby is aimed straight at that vigilance.
34.1	The Potency-Multiple Shopper	Persuaded by comparative arithmetic; six thousand times stronger gives her a number to repeat to herself and others.
34.2	The Tallow-Curious Parent	Has met an unusual traditional ingredient online and wants it in a product made for infants.
34.3	The Routine-Demonstrating Peer	Wants a woman roughly her age holding the actual bottles in an actual bathroom.
34.4	The Sunscreen-Ingredient Fearer	Has become frightened of conventional SPF; poison-free reframes sun protection as the safer of two dangers.
34.5	The Hair-Movement Watcher	Judges a wash on how hair falls afterwards; the swing in the shot is the entire claim.
34.6	The Sensory-Escape Buyer	Buying a place and a mood; the bathhouse scene sells the ritual the bottle is only a prop in.
34.7	The Hair-Movement Watcher	Judges a wash on how hair falls afterwards; the swing in the shot is the entire claim.
34.8	The Design-Led Bathroom Stocker	Buys for the label; a strong illustrated bottle earns counter space that performance alone would not.
34.9	The Scent-Led Shampoo Buyer	Chooses hair products by smell above all; naming the scent as the headline respects what she actually decides on.
34.10	The Robe-And-Mirror Reviewer	Trusts a woman filming herself mid-routine; the unstyled setting is what makes it read as use rather than promotion.
35.1	The Exfoliation Convert	Believes the step she is missing is removal rather than addition; plant enzymes and olive pits make it sound gentle enough to try.
35.2	The Wild-Foraged Ingredient Romantic	Buys provenance and story; wild-foraged is doing work no active ingredient could.
35.3	The Two-Product Comparer	Deciding between variants and wants them held side by side by someone who has used both.
35.4	The Verified-Review Reader	Needs the five stars and the words verified customer; the specificity of after-sun use is what makes it credible.
35.5	The Luxury-Bathroom Aspirant	Buying the marble and the robe as much as the balm; the setting sets the price expectation.
35.6	The Why-Should-I Explainer Seeker	Will not adopt a step until someone explains the reason; the teaching format is the persuasion.
35.7	The Lip-Focused Beauty Buyer	Buys one feature obsessively; an extreme close-up of a mouth is the whole category to her.
35.8	The Founder-Signature Follower	Treats a personal note and signature as a direct recommendation from the celebrity herself.
35.9	The Colour-Payoff Judge	Decides on the swatch; the pigment on skin is the only test she runs.
35.10	The Base-Layer Perfectionist	Cares about what goes under the makeup; primer framing appeals to someone who thinks in steps.
36.1	The Essentials-Kit Starter	Wants to be told the minimum viable set; essentials removes the burden of choosing among a full range.
36.2	The Powder-Format Loyalist	Has a strong preference for pressed formats; the open compact is what she is buying.
36.3	The Clinically-Validated Sleeper	Needs a named doctor and a percentage before believing a pillow can affect her face.
36.4	The Side Sleeper Discovering A Cost	Has never connected her sleeping position to her face; being told side sleeping causes wrinkles reframes a lifelong habit as damage.
36.5	The Fold-Measuring Sceptic	Wants the comparison shown at magnification; putting two pillows side by side is what makes an abstract claim checkable.
36.6	The Twenty-Something Seeing Early Lines	Alarmed to find creases at an age she thought was safe; the number in the line is the shock.
36.7	The Percentage-Reduction Reader	Converts on a quantified outcome; sixty-seven per cent is the fact she will repeat.
36.8	The Best-Seller-Plus-Code Buyer	Wants popularity and a discount together; the promo code turns intent into an order.
36.9	The Man Explaining Fragrance To Camera	Wants a peer to describe how something smells in plain words rather than perfume copy.
36.10	The Designer-Dupe Numbered Shopper	Shops a numbered catalogue of alternatives; the number system is the discretion that makes buying a dupe comfortable.
37.1	The Dupe Verifier	Has a specific luxury scent in mind and is testing whether the copy holds; naming the original is the entire search intent.
37.2	The Side-By-Side Comparer	Wants the cheap bottle held against the expensive one; the physical comparison is the proof of equivalence.
37.3	The Designer-Reference Shopper	Cannot afford the house but knows the house; putting the original in frame is both the claim and the flattery.
37.4	The Fragrance-Collector Reviewer	Owns a wall of bottles and is trusted precisely because he has smelled everything; the shelf behind him is the credential.
37.5	The Set-Plus-Gift Buyer	Buys four for the price of three and stays for the scarf; the free object is what tips the basket.
37.6	The One-Note Explorer	Interested in a single ingredient expressed several ways; one ingredient, four moods turns a range into a tasting flight.
37.7	The Close-Up Application Watcher	Wants to see it worn on skin at close range rather than photographed as an object.
37.8	The Ingredient-Still-Life Reader	Reads a pear and a vanilla pod as the fragrance note list; the styling is the description.
37.9	The Bedside-Bottle Aesthete	Buys what will look right on rumpled linen; the intimacy of the setting is the selling.
37.10	The Full-Range Displayer	Wants the whole collection in one frame so she can pick a favourite from a family.
38.1	The Clean-At-Sephora Filterer	Shops within a retailer's certification badge; the seal is the shortlist she buys from.
38.2	The Retailer-Basket Browser	Reached at the point of a store haul; a full Sephora bag reads as a shopping trip rather than an ad.
38.3	The Sell-Out Restock Watcher	Missed it the first time; sold out in four hours plus back in stock is aimed at that specific regret.
38.4	The Body-Mist Casualwear Buyer	Wants a scent that belongs to a t-shirt and shorts rather than an evening; the setting sets the occasion.
38.5	The Gourmand-Note Seeker	Chooses by flavour vocabulary; deep, boozy and addictive is a taste description, not a smell one.
38.6	The Discovery-Set Sampler	Unwilling to commit blind to a full bottle; a coffret is permission to be indecisive.
38.7	The Vial-Row Completist	Attracted by the archive presentation; the row of samples suggests a library rather than a shop.
38.8	The Raw-Materials Romantic	Wants the botanicals laid out beside the bottle; the deconstruction is the authenticity claim.
38.9	The Discovery-Box Gifter	Buying a considered gift for someone whose taste she does not know; a sample set removes the risk of guessing wrong.
38.10	The Atelier-Story Buyer	Buying the workshop and the hands; the maker in frame is what justifies the price.
39.1	The Named-Note Minimalist	Buys a scent that says exactly what it is on the label; italian citrus needs no further explanation.
39.2	The Anti-Perfume Perfume Buyer	Wants fragrance without the pretension; a bottle that admits it does not know what it is flatters her scepticism.
39.3	The Novelty-Bottle Collector	Buys the object as much as the scent; an iridescent steamed-glass bottle is the reason to post it.
39.4	The Founder-Explaining-The-Idea Watcher	Wants the concept narrated by whoever thought of it; the animated explanation is the content.
39.5	The Home-Ambience Systemiser	Scenting a house rather than a body; the diffuser placed in a styled room is the aspiration.
39.6	The Interior-Object Buyer	Judges the device on whether it suits the shelf; it must read as decor before it reads as appliance.
39.7	The Delivery-Moment Watcher	Buys into the arrival; the box being carried in is the emotional payoff being sold.
39.8	The Note-Stack Reader	Chooses by a three-word accord; leather, sandalwood and amber is the entire specification.
39.9	The Note-Stack Reader	Chooses by a three-word accord; jasmine, ginger and vanilla is the entire specification.
39.10	The Clean-Laundry Scent Seeker	Wants her home to smell washed rather than perfumed; crisp laundry is the exact target.
40.1	The Understated-Formulation Buyer	Reads restraint as seriousness; cherished by many is as close to a boast as she wants to hear.
40.2	The Apothecary-Shelf Curator	Buys the amber bottles as a set for how they will look in a bathroom others will see.
40.3	The Small-Ritual Elevator	Spends disproportionately on an ordinary moment; framing hand care beside a loo roll is the joke and the point.
40.4	The Brand-World Watcher	Being sold an atmosphere with no claim at all; the choreography and the colour are the entire message.
40.5	The Gift-With-Purchase Trigger	Buys online when a sample is attached; exclusively online is what moves her from the store to the site.
40.6	The Cultural-Programming Audience	Not being sold a product at all; the brand is buying association with ideas and the perfume is never mentioned.
40.7	The Cultural-Programming Audience	Not being sold a product at all; the brand is buying association with ideas and the perfume is never mentioned.
40.8	The Long-Form Conversation Viewer	Watches for the talk rather than the brand; the sponsorship is the price of the content she wanted.
40.9	The Heritage-Location Aspirant	Buys the association with a place; Venice does the work of a claim.
40.10	The Cultural-Programming Audience	Not being sold a product at all; the brand is buying association with ideas and the perfume is never mentioned.
41.1	The Cultural-Programming Audience	Not being sold a product at all; the brand is buying association with ideas and the perfume is never mentioned.
41.2	The Logo-First Luxury Buyer	Needs no product shown; the wordmark on leather is the entire message and the audience already knows the rest.
41.3	The Logo-First Luxury Buyer	Needs no product shown; the wordmark on leather is the entire message and the audience already knows the rest.
41.4	The Recognisable-Silhouette Buyer	Buys the shoe everyone can name at a glance; the stripe is the point and comfort is never raised.
41.5	The Monogram Signaller	Wants the pattern read across a room; the print is the purchase and the bag is the carrier.
41.6	The Heritage-Hardware Collector	Buys into a house code; the horsebit and web stripe are the continuity she is paying for.
41.7	The Aspirational-Lifestyle Follower	Buying the person in the frame rather than the item; the setting and the body are the advertisement.
41.8	The Pattern-Led Bedding Shopper	Chooses sheets as decor; the print is what distinguishes an otherwise identical commodity.
41.9	The Crisp-White Traditionalist	Wants hotel-standard plain white and nothing else; the absence of pattern is the specification.
41.10	The Folded-Stack Judge	Reads quality off how fabric folds and stacks; the still life is a texture argument.
42.1	The Sold-Out Restock Waiter	Missed the first drop; back in stock after seventy-two hours is aimed squarely at that regret.
42.2	The Colour-Range Browser	Wants to see every option laid out before choosing; the grid is the shopping experience.
42.3	The Single-Object Minimalist	Wants one thing shown beautifully on white; the restraint is the quality signal.
42.4	The Pillow-Firmness Deliberator	Treats a pillow as a considered purchase; a plain profile shot lets her judge loft.
42.5	The Colour-Accent Bedroom Styler	Buying a shade to sit against existing bedding; the plum is the decision.
42.6	The One-Of-A-Kind Bed Owner	Wants her bedroom to look unlike anyone else's; uniqueness is the benefit being sold.
42.7	The Slipping-Sheet Sufferer	Has one persistent daily irritation; naming bamboo as the culprit makes the fix specific and competitive.
42.8	The Weight-And-Drape Assessor	Judges bedding on how it sits when stacked; the composition is the product demonstration.
42.9	The Cooler-Than-Sateen Comparer	Shops by fabric argument; two comparisons in one card do the whole job for a category she already understands.
42.10	The Spec-Grid Comparer	Wants firmness, support and construction laid out as a table; the chart is what converts a mattress from a feeling to a decision.
43.1	The Bundle-And-Save Bed Buyer	Buying a whole set-up at once; bundling removes several separate decisions she does not want to make.
43.2	The Four-Out-Of-Five Reassured	Wants a majority statistic plus a risk-free trial; the warranty and the hundred nights are what close it.
43.3	The Volume-Testimonial Reader	Needs a large number of sleepers behind the quotes; seventeen thousand is the credibility, the quotes are the texture.
43.4	The Move-In Moment Buyer	Reached at the exact life event that forces a mattress purchase; the empty room does the targeting.
43.5	The Empty-Room Visualiser	Judges by imagining the bed in a bare space; the sparse room is the canvas she is being handed.
43.6	The Hotel-Bed Recreator	Wants her bedroom to feel like a good hotel; the styling is the entire specification.
43.7	The City-Apartment Reader	Sold a scene rather than a spec; the skyline and the book are the life the mattress belongs to.
43.8	The Bedroom-Update Documenter	Framing a purchase as a room project; update is the language of a renovation, not a replacement.
43.9	The Holiday-Sale Waiter	Buys mattresses only on a named sale weekend; the dollar saving is the whole trigger.
43.10	The Luxury-Ticking Inspector	Judges a mattress by its surface finish; the quilted top in close-up is the quality cue.
44.1	The Sunday-Morning Lounger	Buying the unhurried morning being depicted; the tray and the laptop say this bed is where the day starts slowly.
44.2	The Parent Buying For A Child	Purchasing a gift that will produce visible delight; the child's face is the outcome she is buying.
44.3	The Print-Led Comfort Buyer	Chooses by pattern; clouds and novelty prints are the decision rather than the fabric.
44.4	The Enthusiastic-Peer Recommender	Trusts a woman of her own age visibly delighted rather than a model; the enthusiasm is the proof.
44.5	The Post-Shower Comfort Seeker	Has a specific small daily disappointment; a thin robe ruining a shower is precise enough to feel personally observed.
44.6	The Novelty-Print Collector	Buys prints as personality; the cowboy motif is the self-expression she is paying for.
44.7	The Direct-Question Prompter	Being pushed over a line she is already close to; what are you waiting for assumes the decision is made.
44.8	The Whole-Room Aspirant	Buys the complete styled bedroom; the individual product is nearly incidental to the scene.
44.9	The Duvet-Loft Watcher	Judges bedding on how it billows; the motion is the demonstration.
44.10	The Most-Loved Category Shopper	Wants to be shown the popular choice with a starting price; the ranking does the narrowing for her.
45.1	The Seasonal-Collection Browser	Shops by drop rather than need; new arrivals over a coastline is mood-setting for a catalogue visit.
45.2	The Exterior-Envy Homeowner	Buying the front of the house as a project; the porch is the aspiration and the product is a detail within it.
45.3	The Layered-Bed Stylist	Wants to know how many pillows and which textures; the styling is the instruction she is buying.
45.4	The Wet-Bathroom-Floor Sufferer	Has a small daily annoyance nobody sells to; a mat that dries instantly is a fix for a problem she had accepted.
45.5	The Germ-Aware Bathroom Buyer	Reads towels as a hygiene risk; silver ions and a 99.9% figure convert linen into a medical-adjacent purchase.
45.6	The Pet-Owning Bed Protector	Sharing the bed with an animal and buying against the consequences; the dog in frame is the qualifying detail.
45.7	The Barefoot Texture Tester	Judges by how it feels underfoot; the foot in shot is the whole demonstration.
45.8	The Duvet-Cover Wrestler	Has lost the same domestic fight repeatedly; naming it as a fight is what makes her stop scrolling.
45.9	The Bundle-Simplifier	Wants the whole bed solved in one order rather than assembled piece by piece.
45.10	The Bed-Making Speed Seeker	Values the minutes saved each morning; showing the fold is showing the benefit.
46.1	The Award-Badge Reassured	Wants an institution to have judged it first; a Good Housekeeping win plus a certification does the diligence for her.
46.2	The Travel-Comfort Packer	Buying for hotels and flights rather than home; the suitcase in frame is the use case.
46.3	The Silhouette-Against-Landscape Aspirant	Buying the version of himself the picture implies; no product detail is offered and none is needed.
46.4	The Quiet-Capability Buyer	Wants gear that signals competence rather than branding; the monochrome restraint is the message.
46.5	The Shoe-Tech Inspector	Reads the sole and the upper as engineering; the exploded product shot is for someone who compares specs.
46.6	The Trail-Ready Woman	Wants to see a woman actually on rock rather than styled outdoors; the environment is the credential.
46.7	The Fit-Detail Examiner	Buys on waistbands, pockets and seams; the close-up on construction is aimed at someone who has been let down by fit.
46.8	The Grip-And-Tread Judge	Decides on the outsole; showing the lugs is the spec conversation for a hiker.
46.9	The Layering-System Builder	Buys pieces to fit a system he already owns; the clean product cut-out lets him slot it in mentally.
46.10	The Technical-Trouser Buyer	Treats trousers as equipment; the plain studio shot is a catalogue entry for someone who already knows what he wants.
47.1	The Sun-Hoody Convert	Has learned to cover up rather than apply; the hooded layer is a technique he has adopted.
47.2	The Basic-Layer Restocker	Replacing a known item; the plain white tee needs no argument, only availability.
47.3	The Climber Watching Real Climbing	Wants footage from an actual route; the exposure is the proof the kit is used.
47.4	The Kit-List Completer	Wants to be told everything he needs in one diagram; the annotated loadout is a shopping list disguised as advice.
47.5	The Sandal-Silhouette Chooser	Buys on profile and strap layout; a clean side-on shot is how this category is actually judged.
47.6	The Colourway Deliberator	Has decided on the model and is choosing the palette; the isolated shot serves that final step.
47.7	The Sandal-With-Socks Pragmatist	Wearing them outside their intended season; the styling acknowledges how people actually use them.
47.8	The Everyday-Wear Convert	Buying a technical sandal for a porch rather than a trail; the domestic setting expands the occasion.
47.9	The Trail-Use Verifier	Wants to see them on actual ground before believing the grip.
47.10	The Closed-Toe Hybrid Curious	Interested in a newer silhouette that solves an objection to open sandals.
48.1	The Caffeinated-Fuel Runner	Wants the stimulant dose stated on the front; a hundred milligrams is the spec he is shopping for.
48.2	The Brand-Recall Target	Being shown only a logo; the ad is buying recognition, not consideration.
48.3	The Brand-Recall Target	Being shown only a logo; the ad is buying recognition, not consideration.
48.4	The Team-Endorsed Buyer	Reassured by institutional adoption; trusted by two thousand pro and college teams is the credential that matters in endurance.
48.5	The Brand-Recall Target	Being shown only a logo; the ad is buying recognition, not consideration.
48.6	The Brand-Recall Target	Being shown only a logo; the ad is buying recognition, not consideration.
48.7	The Founder-Explained Sceptic	Wants the person behind the formula to explain it; a named doctor answering what is this is the format.
48.8	The Carb-Strategy Learner	Has moved past hydration to fuelling and wants the reasoning; the question format teaches rather than sells.
48.9	The Overtraining-Worried Athlete	Fears he is doing damage; being told there is no such thing reframes his anxiety as a fuelling problem instead.
48.10	The GI-Distress Sufferer	Has an embarrassing endurance problem that ruins races; naming it plainly is what earns the watch.
49.1	The Sensitive-Stomach Endurance Athlete	Has been burned by sugary sports drinks; easy to digest and a short ingredient list are the requirements, not the features.
49.2	The Bottle-Prep Ritualist	Wants to see the powder go in and dissolve; the mixing shot answers the practical question she actually has.
49.3	The Multi-Terrain Generalist	Does a bit of everything outdoors and wants one shoe that permits all of it; the collage is the range of occasions.
49.4	The Waterproof-Boot Buyer	Shopping a specific technical requirement; a plain profile shot is what a decided buyer needs.
49.5	The Closed-Toe Sandal Seeker	Wants ventilation without exposure; the hybrid silhouette is the entire proposition.
49.6	The Wide-Fit Sufferer	Has trouble finding boots that fit and is scanning the toe box; the side-on shot is a fit assessment.
49.7	The Water-Ready Walker	Buys for wet ground and quick drying; the strap system is what she is judging.
49.8	The Replacement Buyer	Wearing out a pair he already trusts and looking for the same again; the catalogue shot is all he needs.
49.9	The Style-Conscious Comfort Convert	Refuses to choose between looking right and walking far; elevated style plus comfort names that exact standoff.
49.10	The Dressed-Up Adventurer	Wants technical footwear that works with a dress; the floral and the sandal together are the proof it can.
50.1	The Lightweight Convert	Has decided the old pair was too heavy; lighten up is the upgrade being sold to an existing owner.
50.2	The Western-Collab Follower	Buys the collaboration for the cultural reference; western roots is the identity being borrowed.
50.3	The Tonal-Colourway Buyer	Wants the version without the loud webbing; monochrome is the restraint she is paying for.
50.4	The Material-Upgrade Buyer	Trading up from webbing to leather; the material change is the whole news.
50.5	The Minimal-Carry Runner	Wants the smallest thing that will hold water and a phone; the sling is a capacity decision.
50.6	The Golden-Hour Rider	Sold the ride rather than the pack; the silhouette against the ridge is what he is buying into.
50.7	The Named-Athlete Follower	Buys what a specific competitor uses; the name and discipline in the corner are the credential.
50.8	The Mid-Race Drinker	Judging on whether it works at speed with one hand; the drinking-while-riding shot is the test.
50.9	The Vest-Over-Pack Convert	Has moved from backpack to run vest and wants to see it move on a body rather than on a hanger.
50.10	The Trail-Runner Buying Bounce	Watching how the load sits while running; stability under motion is the specification.
