The 40-Something Told She Just Let Herself Go	body-changed-overnight	blame-relocation	peer-to-camera
The Aesthetic UTI Sufferer	unsayable-symptom	identity-display	product-only
The Comment-Section Believer	cant-evaluate-it	peer-proof	graphic
The Consistency-Discounted Subscriber	restocking	value-arithmetic	product-only
The Cortisol Explainer	body-changed-overnight	blame-relocation	product-only
The Dated-Deadline Dieter	life-event	quantified-outcome	graphic
The Fifty-Something Comparison Shopper	body-changed-overnight	borrowed-authority	celebrity
The Forty-Something Whose Body Changed Without Warning	body-changed-overnight	blame-relocation	peer-to-camera
The Mechanism-Wanting Skeptic	rules-stopped-working	quantified-outcome	graphic
The Menopausal Woman With Joint Pain	body-changed-overnight	borrowed-authority	clinician-figure
The Red-Flag Self-Diagnoser	body-changed-overnight	blame-relocation	graphic
The Spanish-Speaking Routine Sharer	routine-as-content	peer-proof	peer-to-camera
The Spanish-Speaking Try-Before-Buy Shopper	first-time-in-category	risk-reversal	peer-to-camera
The Still-Moving Older Woman	body-changed-overnight	peer-proof	peer-to-camera
The Texture-First Skincare Buyer	expects-it-to-be-unpleasant	spectacle-demo	peer-to-camera
The Under-Eye Self-Auditor	body-changed-overnight	spectacle-demo	peer-to-camera
The Vernacular-First Confidante	unsayable-symptom	naming-the-shame	peer-to-camera
The Woman Cataloguing Her Own Symptoms	body-changed-overnight	blame-relocation	peer-to-camera
The Woman Doing Everything Right And Getting Nowhere	rules-stopped-working	blame-relocation	graphic
The Woman Quietly Managing PCOS Symptoms	unsayable-symptom	spectacle-demo	graphic
The Woman Snapping At Her Family	unsayable-symptom	blame-relocation	graphic
The Woman Who Followed the Fat-Loss Rules and Got Worse	rules-stopped-working	blame-relocation	peer-to-camera
The Woman Who Named Her Belly "Menobelly"	body-changed-overnight	blame-relocation	peer-to-camera
The Woman Who Stopped Taking It	restocking	peer-proof	peer-to-camera
The Woman Whose Forties Arrived Overnight	body-changed-overnight	blame-relocation	peer-to-camera
The Woman Whose Sex Life Became a Health Problem	unsayable-symptom	naming-the-shame	product-only
The 4AM Thirst Sufferer	named-hour	naming-the-shame	peer-to-camera
The Alt-Health Researcher	rules-stopped-working	borrowed-authority	clinician-figure
The Amazon-Native Buyer	restocking	retail-verification	product-only
The At-Home Barista Without A Machine	quitting-an-incumbent	value-arithmetic	peer-to-camera
The Bed-Rotting Girlie	rules-stopped-working	naming-the-shame	graphic
The Bedrotting Self-Diagnoser	rules-stopped-working	naming-the-shame	graphic
The Bundle Arithmetician	waiting-for-the-price	value-arithmetic	product-only
The Bundle-Maximiser	waiting-for-the-price	value-arithmetic	product-only
The Christmas-Bedding Refresher	life-event	identity-display	peer-to-camera
The Coconut-Water Ranker	choosing-a-variant	peer-proof	peer-to-camera
The Coffee Swapper Who Wants a Flat Stomach	quitting-an-incumbent	blame-relocation	product-only
The Coffeemaxxing Optimiser	optimising-a-stack	identity-display	peer-to-camera
The Collector Rather Than Hoarder	restocking	identity-display	product-only
The Colour-First Can Chooser	choosing-a-variant	identity-display	product-only
The Credentialed-Nootropic Buyer	cant-evaluate-it	borrowed-authority	graphic
The Domestic-Ambience Buyer	seen-owning-it	identity-display	peer-to-camera
The Dopamine-Depleted Young Man	on-a-protocol	naming-the-shame	graphic
The Dose-Curious Ritualist	named-hour	ritual-construction	product-only
The Eat-Whatever-You-Want Believer	rules-stopped-working	quantified-outcome	graphic
The Festival Crowd Member	seen-owning-it	identity-display	stranger
The First-Dose Storyteller's Audience	cant-evaluate-it	peer-proof	peer-to-camera
The Flavour-Drop Follower	choosing-a-variant	scarcity-or-apology	product-only
The Free-Accessory Collector	waiting-for-the-price	value-arithmetic	product-only
The Fridge-Stockpiler	restocking	identity-display	graphic
The Guest-Room Preparer	life-event	identity-display	product-only
The Gym-Adjacent Protein Adder	optimising-a-stack	quantified-outcome	peer-to-camera
The Healthier-Latte Series Follower	routine-as-content	ritual-construction	peer-to-camera
The Holiday Indulgence Rationaliser	life-event	identity-display	product-only
The Hot Sleeper	unsayable-symptom	quantified-outcome	product-only
The Household-Routine Watcher	seen-owning-it	identity-display	peer-to-camera
The Ingredient-Texture Watcher	vetting-ingredients	spectacle-demo	product-only
The Kitchen-Counter Aesthete	seen-owning-it	identity-display	product-only
The Man Asked What He Carries	seen-owning-it	identity-display	peer-to-camera
The Man Preparing To Be Seen	life-event	identity-display	peer-to-camera
The Man Who Calls It a Beer Belly	body-changed-overnight	naming-the-shame	product-only
The Mushroom-Coffee Comparison Shopper	choosing-a-variant	peer-proof	peer-to-camera
The Nostalgia-Truck Buyer	seen-owning-it	identity-display	graphic
The Period-Drama Escapist	seen-owning-it	identity-display	graphic
The Poolside Flavour Seeker	life-event	identity-display	product-only
The Potency-Grade Reader	vetting-ingredients	quantified-outcome	product-only
The Premium-Honey Justifier	waiting-for-the-price	quantified-outcome	product-only
The Side-By-Side Taster	expects-it-to-be-unpleasant	spectacle-demo	peer-to-camera
The Spanish-Language Wellness Listener	cant-evaluate-it	borrowed-authority	peer-to-camera
The Sparkling-Format Switcher	choosing-a-variant	identity-display	product-only
The Sponsored-Athlete Watcher	cant-evaluate-it	borrowed-authority	athlete
The Stanley-Cup Ritualist	routine-as-content	identity-display	peer-to-camera
The Starbucks Order Recreator	quitting-an-incumbent	value-arithmetic	peer-to-camera
The Stock-Up Deal Hunter	waiting-for-the-price	value-arithmetic	product-only
The Student Facing Finals Without a Prescription	on-a-protocol	borrowed-authority	product-only
The Texture-Pour Watcher	expects-it-to-be-unpleasant	spectacle-demo	product-only
The Unboxing Gift-Giver	buying-for-someone-else	identity-display	peer-to-camera
The Which-One-Should-I-Buy Asker	choosing-a-variant	peer-proof	peer-to-camera
The Winter Reset Subscriber	life-event	ritual-construction	product-only
The Woman Dreading Summer Nights	unsayable-symptom	quantified-outcome	peer-to-camera
The Woman Watching Her Belly Month by Month	body-changed-overnight	quantified-outcome	graphic
