1.1	Huel_920503093803810	Huel	195	STATIC	{{product.name}}	https://huel.com/products/black-edition-glp1
1.2	Gruns_1066871979242870	Grüns	90	VIDEO	{{product.name}}	https://gruns.co/pages/first-order-weight-loss
1.3	AG1_955793557220476	AG1	125	VIDEO	Morning Thoughts With Hugh Jackman	http://drinkag1.com/hugh-jackman
1.4	DavidProtein_925516146896831	David Protein	146	VIDEO	20g Protein. 150 Calories. 0g Sugar.	https://davidprotein.com/pages/meet-david-bronze
1.5	DavidProtein_1346449840763835	David Protein	70	VIDEO	20g Protein. 150 Calories. 0g Sugar.	https://davidprotein.com/pages/meet-david-bronze
1.6	ConsciousBar_1049923474165164	The Conscious Bar	42	VIDEO	Try It Today, 20% Off Your First Order.	https://theconsciousbar.co/discount/META20
1.7	Paleovalley_27621807120815667	Paleovalley	49	STATIC	{{product.name}}	https://paleovalley.com/store/grass-fed-bone-broth-protein
1.8	Chomps_1015157181415522	Chomps	31	STATIC	{{product.name}}	https://get.chomps.com/fb-try-chomps-20
1.9	PrimeBites_1440901414517916	Prime Bites	21	STATIC	LIMITIED TIME OFFER🤤	https://primebites.com/pages/strawberry-shortcake-lp
1.10	PrimeBites_1537036078224001	Prime Bites	21	STATIC	LIMITIED TIME OFFER🤤	https://primebites.com/products/strawberry-shortcake-protein-brownies
2.1	PrimeBites_1021689117317037	Prime Bites	21	VIDEO	Get Up To 25% OFF🤤🍫	https://primebites.com/pages/welcome-offer-2026
2.2	PrimeBites_1041053402243164	Prime Bites	21	STATIC	Get Up To 40% OFF🤤🍫	https://primebites.com/products/strawberry-shortcake-protein-brownies
2.3	PrimeBites_1759588218794854	Prime Bites	21	STATIC	Get Up To 40% OFF🤤🍫	https://primebites.com/products/strawberry-shortcake-protein-brownies
2.4	PrimeBites_3512321582275422	Prime Bites	21	STATIC	Get Up To 40% OFF🤤🍫	https://primebites.com/pages/strawberry-shortcake-lp
2.5	BUILT_1480198377120413	BUILT	57	STATIC	{{product.name}}	https://built.com/collections/shop-all/products/peanut-butter-cup-puff/
2.6	BUILT_2439608116451467	BUILT	57	VIDEO	{{product.name}}	https://built.com/collections/shop-all/products/cookie-dough-chunk-puffs-12ct-1/
2.7	BUILT_1009300358621050	BUILT	57	VIDEO	{{product.name}}	https://built.com/collections/original-built-puffs/products/brownie-batter-puffs-12ct
2.8	BUILT_2007737530104541	BUILT	57	STATIC	BUILT	https://built.com/collections/shop-all/
2.9	BUILT_998799659613258	BUILT	57	STATIC	{{product.name}}	https://built.com/collections/shop-all/
2.10	BUILT_1412193380930442	BUILT	57	STATIC	BUILT	https://built.com/collections/shop-all/
3.1	QuestNutrition_1272981591248804	Quest Nutrition	87	STATIC	{{product.name}}	https://www.amazon.com/Quest-Stacks-Protein-Brownie-Gluten/dp/B0G6RGN294
3.2	QuestNutrition_1003362688931732	Quest Nutrition	87	STATIC	{{product.name}}	https://www.amazon.com/Quest-Stacks-Protein-Salted-Caramel/dp/B0G6RCN5NG
3.3	QuestNutrition_1932043244210050	Quest Nutrition	87	VIDEO	Fav Post-Workout Meal	https://click2cart.com/10450003
3.4	QuestNutrition_1339276071425397	Quest Nutrition	87	STATIC	{{product.name}}	https://www.amazon.com/Quest-Stacks-Protein-Cinnamon-Gluten/dp/B0G6QMPDXY
3.5	QuestNutrition_1347949390539824	Quest Nutrition	87	VIDEO	Fuel for your day	https://click2cart.com/10450003
3.6	QuestNutrition_1019802307310370	Quest Nutrition	56	VIDEO		
3.7	RXBAR_2277498192994120	RXBAR	57	VIDEO	{{product.name}}	https://buy.rxbar.com/social/6a3c2a19a9b5e9dd8390fd46
3.8	RXBAR_1724442811917329	RXBAR	57	VIDEO	{{product.name}}	https://buy.rxbar.com/social/6a3c297530ebe3b249833502
3.9	RXBAR_980857098096155	RXBAR	57	VIDEO	{{product.name}}	https://www.rxbar.com/
3.10	GoMacro_4434084863481659	GoMacro	164	VIDEO	{{product.name}}	https://gomacro.com/collections/all
4.1	GoMacro_964339109351224	GoMacro	164	STATIC	{{product.name}}	https://gomacro.com/collections/kids-macrobars
4.2	GoMacro_2463281390775705	GoMacro	141	STATIC	{{product.name}}	https://gomacro.com/collections/kids-macrobars
4.3	CLIFBar_1751797752480038	CLIF Bar	57	STATIC	{{product.name}}	https://www.amazon.com/CLIF-BAR-Energy-Bites-Chocolate/dp/B0FTDYJM21
4.4	CLIFBar_2084336042433919	CLIF Bar	57	VIDEO		https://www.amazon.com/CLIF-BAR-Energy-Bites-Cookies/dp/B0FTD4GX1V
4.5	CLIFBar_2259593548125366	CLIF Bar	57	STATIC	Grab-and-go protein	https://www.amazon.com/CLIF-BAR-Energy-Bites-Chocolate/dp/B0FTDYJM21
4.6	CLIFBar_1874123977327936	CLIF Bar	57	STATIC	​​CLIF BAR Energy Bites - Chocolate Chip - Made with Organic	https://www.amazon.com/CLIF-BAR-Energy-Bites-Chocolate/dp/B0FTDYJM21
4.7	CLIFBar_1204574645127941	CLIF Bar	57	STATIC	New CLIF Energy Bites	https://www.amazon.com/CLIF-BAR-Energy-Bites-Chocolate/dp/B0FTDYJM21
4.8	CLIFBar_1573492764142733	CLIF Bar	57	VIDEO		https://www.amazon.com/CLIF-BAR-Energy-Bites-Chocolate/dp/B0FTDYJM21
4.9	MuchoBars_1337224647956993	Mucho Bars	45	STATIC	{{product.name}}	https://muchobrands.com/pages/listiclev2-8
4.10	MuchoBars_1577029320558447	Mucho Bars	45	VIDEO	Your Bulking Hack	https://muchobrands.com/pages/listiclev2-8
5.1	MuchoBars_1556880009354353	Mucho Bars	45	VIDEO	Our Commitment to Quality	https://muchobrands.com/products/meal-bars
5.2	MuchoBars_3464374940396831	Mucho Bars	45	VIDEO	Get Your Diet Back On Track	https://muchobrands.com/products/meal-bars
5.3	MuchoBars_1377810594207899	Mucho Bars	45	VIDEO	{{product.name}}	https://muchobrands.com/listicle-bulk-main
5.4	MuchoBars_1072537208668798	Mucho Bars	45	VIDEO	Bulking Made Easy	https://muchobrands.com/pages/listiclev2-8
5.5	Jacob_2157159488448225	Jacob	195	VIDEO	The World's Cleanest Protein Bar	https://eatjacob.com/products/jacob-bar
5.6	Jacob_946600008208805	Jacob	121	VIDEO	The World's Cleanest Protein Bar	https://eatjacob.com/products/jacob-bar
5.7	Jacob_1601936357567172	Jacob	101	VIDEO		https://eatjacob.com/products/jacob-bar
5.8	Jacob_891231950670116	Jacob	101	VIDEO		https://eatjacob.com/products/jacob-bar
5.9	Jacob_1398128625471361	Jacob	69	STATIC	Jacob Protein Bar	https://eatjacob.com/products/jacob-bar
5.10	Jacob_27665319519760253	Jacob	65	STATIC	Jacob Protein Bar	https://eatjacob.com/products/jacob-bar
6.1	Eatmancereal_1812582266781129	Eat Man Cereal	38	STATIC	40% Off Science-Backed Cereal	https://eatmancereal.com/pages/man-cereal-landing
6.2	Eatmancereal_2306255516855295	Eat Man Cereal	38	STATIC	Cereal Finally Manned Up	https://eatmancereal.com/
6.3	Eatmancereal_2088257985374826	Eat Man Cereal	29	STATIC	{{product.name}}	https://eatmancereal.com/products/salted-fudge-1-box
6.4	Eatmancereal_1562181252282966	Eat Man Cereal	29	STATIC	Cereal Finally Manned Up	https://eatmancereal.com/pages/man-cereal-landing
6.5	Eatmancereal_1790410878794537	Eat Man Cereal	29	STATIC	Cereal Finally Manned Up	https://eatmancereal.com/products/maple-bacon-6-pack
6.6	Eatmancereal_1063267839547988	Eat Man Cereal	29	STATIC	Cereal Finally Manned Up	https://eatmancereal.com/products/cinnamon-6-pack
6.7	ICONICProtein_1057581026617100	ICONIC Protein	31	VIDEO	{{product.name}}	https://www.drinkiconic.com/products/cafe-latte
6.8	ICONICProtein_1728838818454265	ICONIC Protein	29	STATIC	{{product.name}}	https://www.drinkiconic.com/products/chocolate-truffle
6.9	ICONICProtein_995753773290353	ICONIC Protein	29	STATIC	{{product.name}}	https://www.drinkiconic.com/products/vanilla-bean
6.10	ICONICProtein_1134674706176275	ICONIC Protein	10	VIDEO	{{product.name}}	https://www.drinkiconic.com/products/cacao-plus-greens
7.1	ICONICProtein_1384514047204280	ICONIC Protein	2	VIDEO	Creatine, Made ICONIC	https://www.drinkiconic.com/products/creatine
7.2	ICONICProtein_1913444696463662	ICONIC Protein	2	VIDEO	Pure Protein, No Junk	https://www.drinkiconic.com/products/vanilla-bean-protein-powder
7.3	CleanSimpleEats_1499648911168068	Clean Simple Eats	71	STATIC	{{product.name}}	https://cleansimpleeats.com/products/clear-protein-soda-classic-grape-12-oz-12-pack
7.4	CleanSimpleEats_1719734065692987	Clean Simple Eats	71	VIDEO		https://cleansimpleeats.com/products/blue-bahama-clear-protein-powder
7.5	CleanSimpleEats_1055193780173452	Clean Simple Eats	64	VIDEO		https://cleansimpleeats.com/products/peachy-ring-clear-protein-powder
7.6	CleanSimpleEats_1292820452934854	Clean Simple Eats	64	STATIC	{{product.name}}	https://cleansimpleeats.com/products/fruit-punch-clear-protein-powder-10-serving
7.7	CleanSimpleEats_1732182967787011	Clean Simple Eats	63	VIDEO		https://cleansimpleeats.com/products/fruit-punch-clear-protein-powder-10-serving
7.8	CleanSimpleEats_27848684674819948	Clean Simple Eats	56	VIDEO		https://cleansimpleeats.com/products/fruit-punch-clear-protein-powder-10-serving
7.9	Primals_1440279613858046	Primals	383	VIDEO	Stop Brushing Microplastics Into Your Bloodstream	https://try.primals.shop/cmcecjton000233cckxmysgz8
7.10	Primals_1996213214463382	Primals	383	VIDEO	Stop Brushing Microplastics Into Your Bloodstream	https://try.primals.shop/cmdy2s66x00035pznds5h3akw
8.1	Primals_745341331539498	Primals	383	STATIC	Nature Is Microplastic-Free.	https://try.primals.shop/cmdy2s66x00035pznds5h3akw
8.2	Primals_687648207629405	Primals	383	STATIC	Ditch Plastic Bristles for Good	https://try.primals.shop/cmdy2s66x00035pznds5h3akw
8.3	Primals_737012565603123	Primals	383	STATIC	Ditch Plastic Bristles for Good	https://try.primals.shop/cmcecjton000233cckxmysgz8
8.4	Primals_1196718302211983	Primals	383	VIDEO	World's Healthiest Toothbrush 🤝	https://try.primals.shop/cmcdi1j0q0002r1z329dxm21c
8.5	IM8Health_2034927480749794	IM8 Health	72	STATIC	Finally. A Body That Feels Like You Again.	https://im8health.com/products/essentials
8.6	IM8Health_1006019375565566	IM8 Health	52	VIDEO	90 Ingredients. One Daily Drink.	https://im8health.com/pages/gut-health-1
8.7	IM8Health_1004244435566459	IM8 Health	52	VIDEO	90 Ingredients. One Daily Drink.	https://im8health.com/products/essentials-pro
8.8	IM8Health_1760153155161558	IM8 Health	52	VIDEO	90 Ingredients. One Daily Drink.	https://im8health.com/pages/joints
8.9	JoinZOE_1075055478511439	Join ZOE	28	VIDEO	Try ZOE Daily30 for $33	https://zoe.com/en-us/daily30
8.10	JoinZOE_1556022276107305	Join ZOE	28	STATIC	{{product.name}}	https://zoe.com/en-us/daily30
9.1	JoinZOE_1050375724632287	Join ZOE	3	STATIC	Try ZOE Daily30 for $33	https://zoe.com/en-us/daily30
9.2	Ritual_2538078149922144	Ritual	168	VIDEO	{{product.name}}	https://ritual.com/quiz
9.3	Ritual_851485810542693	Ritual	126	STATIC	{{product.name}}	https://ritual.com/
9.4	Lemme_1549687293219536	Lemme	128	VIDEO	{{product.name}}	https://lemmelive.com/pages/relax-lp
9.5	Lemme_1671333290951632	Lemme	128	STATIC	{{product.name}}	https://get.lemmelive.com/relax-chews
9.6	Lemme_1283066816639963	Lemme	128	VIDEO	Meet Lemme Relax Chews	https://lemmelive.com/pages/relax-lp
9.7	Lemme_1652783926436884	Lemme	76	VIDEO	Growth Looks Good On You	https://lemmelive.com/pages/growchews-lp
9.8	Lemme_1058813253817515	Lemme	76	STATIC	{{product.name}}	https://lemmelive.com/pages/growchews-lp
9.9	LlamaNaturals_1360165025442504	Llama Naturals	44	VIDEO	The multivitamin made from real fruit	https://www.llamanaturals.com/pages/cold-candy-v3
9.10	LlamaNaturals_897449653408945	Llama Naturals	44	VIDEO	The multivitamin made from real fruit	https://www.llamanaturals.com/pages/cold-candy-v3
10.1	LlamaNaturals_937685789334242	Llama Naturals	35	VIDEO	{{product.name}}	https://www.llamanaturals.com/pages/cold-candy-v3
10.2	GoldenChild_1338170311601786	Golden Child	72	STATIC	{{product.name}}	https://mygoldenchild.com/fresh-dog-food/chicken-recipes
10.3	GoldenChild_1527020868862977	Golden Child	72	STATIC	{{product.name}}	https://try.mygoldenchild.com/
10.4	GoldenChild_1968502250628425	Golden Child	35	STATIC	{{product.name}}	https://mygoldenchild.com/products/chicken-and-garden-vegetables-starter-box
10.5	GoldenChild_2289237345235495	Golden Child	8	VIDEO	{{product.name}}	https://mygoldenchild.com/intake/intro
10.6	GFUEL_981551944737621	G FUEL	97	STATIC	🧙‍♂️ CRITICAL ROLE X G FUEL is live!	https://gfuel.com/products/vox-machina-collectors-box
10.7	GFUEL_1003018722189617	G FUEL	97	STATIC	THE BOYS x G FUEL	https://gfuel.com/products/compound-v-collectors-box
10.8	GFUEL_1527532962291196	G FUEL	97	STATIC	{{product.name}}	http://gfuel.com/
10.9	GFUEL_2291586364583776	G FUEL	97	STATIC	FREE Shaker + Up to 30% OFF	https://gfuel.com/pages/subscription-free-shaker-v1
10.10	GFUEL_1838854850859841	G FUEL	97	STATIC	Start Here. Fuel Everything.	https://gfuel.com/pages/subscription-free-shaker-v4
11.1	GFUEL_1609249960371055	G FUEL	97	VIDEO	{{product.name}}	https://gfuel.com/pages/subscription-free-shaker-v1
11.2	HexClad_1263963232260183	HexClad	195	STATIC	{{product.name}}	https://hexclad.com/
11.3	HexClad_1451861949724419	HexClad	195	STATIC	NEW RELEASE: 5.5QT Hybrid Deep Sauté Pan	https://hexclad.com/products/deep-saute-pan-with-lid
11.4	HexClad_1459868639003190	HexClad	195	STATIC	🔥NEW PRODUCT🔥	https://hexclad.com/products/hexgear-eco-modern-apron-slate
11.5	HexClad_2130649744366836	HexClad	195	STATIC	NEW: HYBRID PIZZA STEEL 🍕	https://hexclad.com/products/pizza-steel
11.6	HexClad_1205415661703289	HexClad	195	VIDEO	Engineered for the Perfect Pour	https://hexclad.com/pages/cocktail-shaker
11.7	HexClad_856595184042711	HexClad	195	STATIC	{{product.name}}	https://hexclad.com/pages/cocktail-shaker
11.8	HappyMammoth_4476925275862322	Happy Mammoth	21	VIDEO	3.3M women agree it works	https://store.happymammoth.com/pages/feel-balanced
11.9	HappyMammoth_1755322439148418	Happy Mammoth	21	VIDEO	Didn’t expect THIS	https://store.happymammoth.com/pages/slim-control
11.10	OPositiv_959093973520126	O Positiv	106	STATIC	{{product.name}}	https://opositiv.com/products/uro-vaginal-moisture-mood-capsules
12.1	HappyMammothUS_945849368488325	Happy Mammoth US	63	STATIC	{{product.name}}	https://store.happymammoth.com/pages/join-vip-club
12.2	HappyMammothUS_2445929282556448	Happy Mammoth US	63	STATIC	{{product.name}}	https://store.happymammoth.com/pages/feel-super-slim
12.3	HappyMammothUS_1560189715893154	Happy Mammoth US	63	STATIC	{{product.name}}	https://store.happymammoth.com/pages/we-got-you-mom
12.4	HappyMammothUS_1014403451063398	Happy Mammoth US	63	VIDEO	{{product.name}}	https://store.happymammoth.com/pages/feel-extra-slim
12.5	HappyMammothUS_1354520306606493	Happy Mammoth US	63	STATIC	{{product.name}}	https://store.happymammoth.com/pages/feel-balanced
12.6	SpoiledChild_799564552949558	SpoiledChild	300	VIDEO	Try Before You Buy	https://www.spoiledchild.com/spoiled-brain
12.7	SpoiledChild_1485418666088842	SpoiledChild	300	VIDEO	{{product.name}}	https://www.spoiledchild.com/spoiled-brain
12.8	SpoiledChild_1541591080176815	SpoiledChild	300	VIDEO	Try Before You Buy	https://www.spoiledchild.com/spoiled-brain
12.9	SpoiledChild_2013721169408282	SpoiledChild	238	VIDEO	Try A Full Size Product Before You Buy	https://www.spoiledchild.com/spoiled-brain
12.10	SpoiledChild_1415705376828949	SpoiledChild	233	VIDEO	SpoiledChild	https://www.spoiledchild.com/us-es/spoiled-brain
13.1	SpoiledChild_2407991446325114	SpoiledChild	233	VIDEO	Prueba antes de comprar	https://www.spoiledchild.com/us-es/spoiled-brain
13.2	Nood_1557380312711215	Nood	83	VIDEO	⭐⭐⭐⭐⭐ | 19,990 Reviews	https://trynood.com/products/the-flasher-2
13.3	Nood_2617468445377916	Nood	58	VIDEO	⭐⭐⭐⭐⭐ | 19,990 Reviews	https://trynood.com/products/the-flasher-pro
13.4	Bushbalm_1739545190598717	Bushbalm	27	VIDEO		https://bushbalm.com/pages/razor-burn
13.5	Ulike_1429928885808222	Ulike	274	VIDEO		https://www.ulike.com/products/sapphire-air-10-ipl-hair-removal
13.6	DollarShaveClub_1356336492786319	Dollar Shave Club	16	STATIC	Dollar Shave Club	https://us.dollarshaveclub.com/collections/womens
13.7	DollarShaveClub_2612590939144143	Dollar Shave Club	16	VIDEO	{{product.name}}	https://us.dollarshaveclub.com/products/womens-no-frills-starter-set
13.8	Hismile_980377991407026	Hismile	81	VIDEO	{{product.name}}	https://hismileteeth.com/products/exfoliating-tooth-wipes
13.9	Hismile_2520706991672854	Hismile	64	VIDEO	{{product.name}}	https://hismileteeth.com/products/best-seller-bundle/5-pack/
13.10	MANSCAPED_1559404805889097	MANSCAPED	43	STATIC	Trim The Fluff	https://www.manscaped.com/products/the-beard-hedger-plus
14.1	MANSCAPED_2029288567724880	MANSCAPED	16	STATIC	15% Off First Order When You Sign Up With Email	https://fb.com/canvas_doc/996054240033194
14.2	MANSCAPED_4572391046371918	MANSCAPED	16	VIDEO	{{product.name}}	https://www.manscaped.com/products/the-performance-package-5
14.3	MANSCAPED_1832706071428201	MANSCAPED	9	STATIC	15% Off First Order When You Sign Up With Email	https://www.manscaped.com/pages/bestsellers
14.4	MANSCAPED_2475434109619998	MANSCAPED	9	STATIC	Don't Procrastinate Like You Do Your Homework	https://www.manscaped.com/collections/deals-and-kits
14.5	MANSCAPED_2183455725553690	MANSCAPED	9	STATIC	{{product.name}}	https://www.manscaped.com/products/the-beard-and-balls-bundle
14.6	Billie_1597185351580278	Billie	139	STATIC	{{product.name}}	https://mybillie.com/pages/razor
14.7	Billie_1519245449547693	Billie	139	STATIC	{{product.name}}	https://mybillie.com/pages/where-to-buy
14.8	Billie_825051516698815	Billie	139	VIDEO	{{product.name}}	https://www.target.com/p/billie-shave-glaze-coco-villa-8oz/-/A-94854793
14.9	RoseSkinCo_1357264849600964	Rose Skin Co	77	VIDEO	Ditch the Razor. Forever. ✨	https://roseskinco.com/products/lumi-ipl-hair-removal-handset
14.10	RoseSkinCo_1668384704376714	Rose Skin Co	77	VIDEO	“Secret: I gave up waxing.”	https://roseskinco.com/products/lumi-ipl-hair-removal-handset
15.1	Fur_2019734538851378	Fur	311	STATIC	{{product.name}}	https://furyou.com/collections/best-sellers
15.2	Fur_1749116769078324	Fur	311	STATIC	{{product.name}}	http://furyou.com/
15.3	Fur_2034051063998695	Fur	309	VIDEO	{{product.name}}	https://furyou.com/pages/fur-trim-system
15.4	Fur_1608068983889162	Fur	298	VIDEO	{{product.name}}	https://furyou.com/products/fur-oil
15.5	Fur_836741906004560	Fur	206	STATIC	{{product.name}}	https://furyou.com/collections/best-sellers
15.6	Fur_1560750395037690	Fur	200	VIDEO	As Seen on Shark Tank	https://furyou.com/collections/best-sellers
15.7	Sugardoh_27001912079410125	Sugardoh	175	STATIC	{{product.name}}	https://sugardoh.co/collections/shop
15.8	Sugardoh_948009504824453	Sugardoh	121	VIDEO	Waxing, But Better	https://sugardoh.co/collections/shop
15.9	Sugardoh_2488992331583814	Sugardoh	44	VIDEO	Waxing, But Better	https://sugardoh.co/
15.10	OYOSkincare_1034987802235777	OYO Skincare	35	VIDEO	Carry-on approved hair removal routine	https://oyoskincare.com/pages/smooth-skin-system
16.1	OYOSkincare_1747823393123680	OYO Skincare	15	VIDEO	Ready for the "come over?" text	https://oyoskincare.com/pages/smooth-skin-system
16.2	OYOSkincare_1725006572165203	OYO Skincare	15	STATIC	{{product.name}}	https://oyoskincare.com/pages/smooth-skin-system
16.3	OYOSkincare_2301790503906730	OYO Skincare	1	STATIC	An easy routine for smooth skin	https://oyoskincare.com/pages/smooth-skin-system
16.4	touchland_2382171252273145	touchland	72	VIDEO	{{product.name}}	https://touchland.com/collections/hand-sanitizer
16.5	touchland_1357849392922740	touchland	71	STATIC	{{product.name}}	https://touchland.com/pages/performance
16.6	touchland_1017967964152359	touchland	65	VIDEO	{{product.name}}	https://touchland.attn.tv/p/ji0/Peanuts
16.7	touchland_1366324362104123	touchland	65	STATIC	touchland	https://touchland.com/collections/hand-sanitizer
16.8	touchland_1349283750628943	touchland	59	STATIC	{{product.name}}	https://touchland.com/products/peanuts-hand-body-mist-set
16.9	touchland_1074753635102337	touchland	44	VIDEO		https://touchland.com/collections/best-sellers
16.10	PAUME_1795692645207375	PAUME	85	VIDEO		https://mypaume.com/pages/serum-landing-page-2
17.1	PAUME_2056929591919461	PAUME	85	VIDEO		https://mypaume.com/pages/serum-landing-page-2
17.2	PAUME_1516687773521799	PAUME	85	STATIC	Dark spots? 🫳 Dry hands? Not With This.	https://mypaume.com/pages/listical-serum
17.3	PAUME_1563709898656759	PAUME	85	VIDEO		https://mypaume.com/pages/serum-landing-page-2
17.4	PAUME_1007446891771652	PAUME	85	VIDEO	Ready for Younger-Looking Hands?	https://mypaume.com/products/age-defying-essentials
17.5	PAUME_977875341770040	PAUME	85	VIDEO	🌱 Plant-Powered Protection for Parents 👶	https://mypaume.com/pages/listical-moms
17.6	Javvy_2404635569983581	Javvy	196	VIDEO	High‑Protein Coffee ☕️	https://try.javvycoffee.com/ps
17.7	MUDWTR_2234418820688661	MUD\WTR	15	VIDEO	Discover MUD\WTR	https://www.target.com/b/mud-wtr/-/N-q643lehlygs
17.8	MUDWTR_4374001626192108	MUD\WTR	12	VIDEO	Try MUD\WTR Now	https://mudwtr.com/pages/rise-2
17.9	Thesis_1603369911355474	Thesis	22	STATIC	Unlock Your Sharpest Mind	https://takethesis.com/new-clarity
17.10	Manukora_1685564882872999	Manukora	74	VIDEO	{{product.name}}	https://manukora.com/
18.1	Manukora_1005792155514391	Manukora	72	STATIC	{{product.name}}	https://manukora.com/products/superhoney-starter-kit-mgo-850-250g
18.2	Manukora_2528080557653798	Manukora	59	STATIC	{{product.name}}	https://manukora.com/pages/overview
18.3	Manukora_1350053907063613	Manukora	58	STATIC	Mānuka Honey: Save 31% + Free Gifts	https://manukora.com/products/manuka-honey-20-mgo850
18.4	Manukora_1719544129253720	Manukora	58	VIDEO	Mānuka Honey: Save 31% + Free Gifts	https://manukora.com/
18.5	Manukora_1027055203142834	Manukora	58	STATIC	Mānuka Honey: Save 31% + Free Gifts	https://manukora.com/pages/overview
18.6	Neutonic_1721664619055915	Neutonic	9	VIDEO	{{product.name}}	https://www.neutonic.com/en-us/products/focus-pouches-5-pack-mint-us
18.7	Neutonic_28154692177554234	Neutonic	9	VIDEO	There’s a better way to focus.	https://www.neutonic.com/en-us/products/focus-pouches-5-pack-mint-us
18.8	CELSIUS_2050055219202242	CELSIUS	58	STATIC	Game Day Starts with CELSIUS	https://www.celsius.com/buy-locate/
18.9	CELSIUS_1819233345706424	CELSIUS	58	STATIC	{{product.name}}	https://www.celsius.com/buy-locate/
18.10	CELSIUS_991901453645873	CELSIUS	58	STATIC	Peach Vibe. Peak Performance.	https://www.celsius.com/buy-locate/
19.1	CELSIUS_27312330395090484	CELSIUS	58	STATIC	Peachy Perfect Energy	https://www.celsius.com/buy-locate/
19.2	CELSIUS_841848108768354	CELSIUS	58	STATIC	Sparkling Piña Colada🏝️⚡️	https://www.celsius.com/buy-locate/
19.3	CELSIUS_809052498840568	CELSIUS	58	STATIC	Mango Lemonade 🥭🍋	https://www.celsius.com/buy-locate/
19.4	POCA_2059883361232223	POCA	172	VIDEO	Welcome to the New Sugar.	https://pickpoca.com/collections/treat-aisle
19.5	POCA_2177853599638828	POCA	108	VIDEO		https://pickpoca.com/collections/treat-aisle
19.6	POCA_2234867464015788	POCA	108	VIDEO		https://pickpoca.com/collections/treat-aisle
19.7	POCA_1315849273990339	POCA	79	VIDEO		https://pickpoca.com/collections/treat-aisle
19.8	POCA_1557574086007314	POCA	79	VIDEO		https://pickpoca.com/collections/treat-aisle
19.9	POCA_873023048966651	POCA	50	VIDEO		https://pickpoca.com/collections/treat-aisle
19.10	HarmlessHarvest_27164446299899846	Harmless Harvest	38	STATIC	{{product.name}}	https://harmlessharvest.com/products/organic-coconut-water
20.1	HarmlessHarvest_1929139688046030	Harmless Harvest	38	STATIC	{{product.name}}	https://harmlessharvest.com/pages/subscription-and-save#ss-recommended-products
20.2	HarmlessHarvest_28744329508502879	Harmless Harvest	13	VIDEO	{{product.name}}	https://harmlessharvest.com/pages/summer-campaign-lp
20.3	HarmlessHarvest_1061160893126915	Harmless Harvest	13	VIDEO		https://harmlessharvest.com/pages/summer-campaign-lp
20.4	MellowSleep_1201564708221139	Mellow Sleep	221	VIDEO	World’s Fluffiest Comforter For $100	https://mellowsleep.com/products/marshmellow-comforter
20.5	MellowSleep_1601567954190517	Mellow Sleep	220	VIDEO	$100 For A Luxury Comforter	https://mellowsleep.com/products/marshmellow-comforter
20.6	MellowSleep_1956380771578801	Mellow Sleep	198	VIDEO	The World’s Fluffiest Comforter	https://mellowsleep.com/products/marshmellow-comforter
20.7	MellowSleep_26338321759144206	Mellow Sleep	161	VIDEO	My Night Sweats Are Gone	https://mellowsleep.com/products/standard-cooling-pillowcases
20.8	MellowSleep_1438089618114329	Mellow Sleep	159	VIDEO	My Night Sweats Are Gone	https://mellowsleep.com/pages/lst-cp-night-sweat-fix
20.9	MellowSleep_834958819633807	Mellow Sleep	150	VIDEO	This pillowcase changed the way I sleep	https://mellowsleep.com/pages/shop
20.10	Olaplex_1705704173781459	Olaplex	85	STATIC	{{product.name}}	https://olaplex.com/products/olaplex-daily-strength-shine-cleansing-set-us
21.1	HighlandHaircare_2862701150771047	Highland Haircare	26	VIDEO		https://www.highland.style/products/the-shower-ritual
21.2	ROZ_3101897633340737	RŌZ	68	VIDEO	The Mini Essentials Kit	https://rozhair.com/products/the-mini-essentials
21.3	ColorWow_1372520531490553	Color Wow	20	VIDEO	Frizz-Free, Humidity-Proof Hair	https://colorwowhair.com/products/extra-strength-dream-coat
21.4	ColorWow_1576151300707767	Color Wow	20	VIDEO	{{product.name}}	https://colorwowhair.com/products/dream-coat-anti-frizz-treatment
21.5	ColorWow_1922138071791762	Color Wow	20	VIDEO		https://colorwowhair.com/products/dream-coat-anti-frizz-treatment
21.6	ColorWow_1267859988670806	Color Wow	20	VIDEO	Frizz-Free, Humidity-Proof Hair	https://colorwowhair.com/products/dream-coat-anti-frizz-treatment
21.7	ColorWow_1818025049621426	Color Wow	20	VIDEO	{{product.name}}	https://colorwowhair.com/products/dream-coat-curly-hair
21.8	ColorWow_1032298766258680	Color Wow	20	VIDEO	{{product.name}}	https://colorwowhair.com/products/extra-strength-dream-coat
21.9	amika_1246352667533873	amika	24	VIDEO		https://www.ulta.com/p/protector-color-protect-strengthen-treatment-pimprod2059758
21.10	amika_1574101631045452	amika	24	VIDEO		https://www.ulta.com/p/protector-color-protect-strengthen-treatment-pimprod2059758
22.1	amika_1084488950694973	amika	20	VIDEO		https://www.ulta.com/p/protector-color-protect-strengthen-treatment-pimprod2059758
22.2	amika_27381095961563031	amika	20	VIDEO		https://www.ulta.com/p/protector-color-protect-strengthen-treatment-pimprod2059758
22.3	amika_1094948399871301	amika	20	VIDEO		https://www.ulta.com/p/protector-color-protect-strengthen-treatment-pimprod2059758
22.4	amika_3914488652179367	amika	15	VIDEO		https://www.sephora.com/product/hydro-rush-intense-moisture-leave-in-conditioner-with-hyal
22.5	Verb_1574170224225955	Verb Products	118	VIDEO		https://www.verbproducts.com/collections/bestsellers
22.6	Verb_2020979618493683	Verb Products	118	VIDEO		https://www.verbproducts.com/collections/density
22.7	Verb_1088227206965927	Verb Products	85	VIDEO		https://www.verbproducts.com/collections/ghost
22.8	Verb_1036728505703313	Verb Products	80	VIDEO	{{product.name}}	https://shop.verbproducts.com/6ey2z0get
22.9	Verb_1516222690052372	Verb Products	79	STATIC	Ghost™ Oil: Boost Shine, Reduce Frizz, Protect Hair	https://shop.verbproducts.com/6x2rb1r97
22.10	Verb_1309230414725389	Verb Products	76	VIDEO	{{product.name}}	https://www.verbproducts.com/
23.1	Oribe_1618467206069108	Oribe	155	STATIC	{{product.name}}	https://www.oribe.com/collections/bestsellers
23.2	Oribe_26352502511025541	Oribe	150	VIDEO	Oribe	https://www.oribe.com/collections/supershine
23.3	Oribe_1517540106555659	Oribe	148	STATIC	{{product.name}}	https://oribe.com/collections/shop-all-hair
23.4	Oribe_1613297649715913	Oribe	148	VIDEO	High Performance. Icon Status.	https://www.oribe.com/pages/the-icons
23.5	Oribe_1947843012484579	Oribe	148	STATIC	{{product.name}}	https://www.oribe.com/products/serene-scalp-balancing-shampoo
23.6	Oribe_3188613027979713	Oribe	148	VIDEO	One Stick, Endless Possibilities	https://www.oribe.com/collections/supershine
23.7	RandCo_925948386573490	R+Co	188	STATIC	{{product.name}}	https://www.randco.com/collections/best-sellers
23.8	RandCo_1514095073849650	R+Co	62	VIDEO	{{product.name}}	https://www.randco.com/products/badlands-dry-shampoo-paste
23.9	RandCo_1944059370330452	R+Co	61	STATIC	{{product.name}}	https://www.randco.com/products/dallas-thickening-spray
23.10	RandCo_922753864172639	R+Co	51	VIDEO	{{product.name}}	https://www.randco.com/products/aircraft-pomade-mousse
24.1	RandCo_982780831423808	R+Co	46	VIDEO	{{product.name}}	https://www.randco.com/products/sun-catcher-styling-butter
24.2	RandCo_1043721134723507	R+Co	37	VIDEO		https://www.randco.com/products/sun-catcher-styling-butter
24.3	Hairstory_944599715304604	Hairstory	87	VIDEO	What happens when you go back to regular shampoo	https://hairstory.com/discount/newwash15
24.4	Hairstory_1263252958981040	Hairstory	77	VIDEO	Save 20% on your low maintenance routine	https://hairstory.com/pages/bundle-builder
24.5	Hairstory_1547193230528728	Hairstory	66	STATIC	{{product.name}}	https://hairstory.com/collections/try-before-you-buy
24.6	Hairstory_2039386610271209	Hairstory	66	VIDEO	{{product.name}}	https://hairstory.com/discount/newwash15
24.7	Hairstory_1008621135214205	Hairstory	66	STATIC	{{product.name}}	https://hairstory.com/pages/for-pros
24.8	Hairstory_2073301743587027	Hairstory	66	STATIC	{{product.name}}	https://hairstory.com/pages/bundle-builder
24.9	UppercutDeluxe_1504653511330455	Uppercut Deluxe	158	STATIC	{{product.name}}	https://uppercutdeluxe.com/
24.10	UppercutDeluxe_1439198898221289	Uppercut Deluxe	157	VIDEO	{{product.name}}	https://uppercutdeluxe.com/
25.1	UppercutDeluxe_1810594546576665	Uppercut Deluxe	45	STATIC	Uppercut Deluxe	https://uppercutdeluxe.com/
25.2	UppercutDeluxe_2047094509229491	Uppercut Deluxe	41	VIDEO	{{product.name}}	https://upercutdeluxe.com/products/clay
25.3	UppercutDeluxe_1736418224226593	Uppercut Deluxe	31	VIDEO	{{product.name}}	https://uppercutdeluxe.com/products/clay-spray
25.4	UppercutDeluxe_1396998342339837	Uppercut Deluxe	31	VIDEO	{{product.name}}	https://uppercutdeluxe.com/products/texture-cream
25.5	GoodDyeYoung_1362233362268085	Good Dye Young	289	STATIC	{{product.name}}	https://gooddyeyoung.com/
25.6	GoodDyeYoung_1392953715883669	Good Dye Young	289	VIDEO	{{product.name}}	https://gooddyeyoung.com/collections/glitched-neon-semi-permanent-hair-dye
25.7	GoodDyeYoung_873863168789828	Good Dye Young	192	STATIC	{{product.name}}	https://gooddyeyoung.com/products/nasty
25.8	GoodDyeYoung_971193388940171	Good Dye Young	107	VIDEO	{{product.name}}	https://gooddyeyoung.com/products/baddie
25.9	GoodDyeYoung_1520591759852005	Good Dye Young	105	VIDEO	{{product.name}}	https://gooddyeyoung.com/collections/pink-hair-dye
25.10	GoodDyeYoung_1982906975652005	Good Dye Young	93	VIDEO	{{product.name}}	https://gooddyeyoung.com/products/gdy-ex-girl
26.1	Kitsch_2755526194825064	Kitsch	89	VIDEO	{{product.name}}	https://www.mykitsch.com/products/scalp-oil-applicator-biotin-oil-bundle
26.2	Kitsch_1320122119513809	Kitsch	84	VIDEO	Meet Your Super-Powered Hair Perfume	https://www.mykitsch.com/collections/hair-perfumes
26.3	Kitsch_3245254908989810	Kitsch	83	STATIC	{{product.name}}	https://www.mykitsch.com/
26.4	Kitsch_1774860456878244	Kitsch	83	VIDEO	{{product.name}}	https://www.mykitsch.com/products/kitsch-smoothing-air-dry-cream
26.5	Kitsch_1191212416421909	Kitsch	83	VIDEO	{{product.name}}	https://www.mykitsch.com/products/strengthening-rice-water-shampoo-conditioner-combo
26.6	Kitsch_1512661040235438	Kitsch	83	VIDEO	{{product.name}}	https://mykitsch.com/discount/kitsch26
26.7	Nello_728711456975129	Nello	258	VIDEO	Get 30% off Supercalm at Walmart	https://try.gotoaisle.com/nello-gkv
26.8	Nello_697119233221586	Nello	258	STATIC	{{product.name}}	https://try.gotoaisle.com/nello-gkv
26.9	Nello_946352724905180	Nello	127	STATIC	{{product.name}}	https://try.gotoaisle.com/nello-dnt
26.10	Nello_1363162852305303	Nello	123	STATIC	{{product.name}}	https://try.gotoaisle.com/nello-gaa
27.1	Nello_2379521112538043	Nello	123	STATIC	{{product.name}}	https://try.gotoaisle.com/nello-at-costco
27.2	MarsMen_1316955516976348	Mars Men	119	STATIC	No TRT. No Needles. No Dependency.	https://mengotomars.com/pages/more-willpower-2
27.3	PrimalViking_27049287124656838	Primal Viking	127	STATIC	{{product.name}}	https://primalviking.com/pages/natural-t-booster-40
27.4	PenroseSkin_1888571325173354	Penrose Skin	46	STATIC	Buy 2 Get 1 Free - Ends Today	https://penroseskin.com/collections/all
27.5	NorseOrganics_1608980716937548	Norse Organics	286	STATIC	#1 Adult Acne Fix	https://norseorganics.co/pages/stop-acne
27.6	MARO_1696313354842805	MARO Natural Clothing	86	STATIC	Preorder Now - 20% Off	https://try.wearmaro.com/toesocks-10l-may26
27.7	MARO_827226183514609	MARO Natural Clothing	86	STATIC	{{product.name}}	https://try.wearmaro.com/toesocks-10l-may26
27.8	MARO_1934168023944031	MARO Natural Clothing	84	STATIC	{{product.name}}	http://wearmaro.com/
27.9	MARO_2152416998876933	MARO Natural Clothing	83	STATIC	{{product.name}}	https://wearmaro.com/
27.10	MARO_749840421518984	MARO Natural Clothing	82	VIDEO	{{product.name}}	https://try.wearmaro.com/barefootwill-ebook
28.1	MARO_824632610500831	MARO Natural Clothing	82	VIDEO		https://try.wearmaro.com/toesocks-10l-may26
28.2	HollowSocks_4291410927790208	Hollow Alpaca Socks	62	VIDEO	14+ Hours. No Swelling. No Painful Red Marks.	https://hollowsocks.com/pages/10r-compression-g1
28.3	HollowSocks_1705285970594830	Hollow Alpaca Socks	50	VIDEO	14+ Hours. No Swelling	https://hollowsocks.com/pages/10r-compression
28.4	HollowSocks_1706860897309454	Hollow Alpaca Socks	50	VIDEO	14+ Hours. No Swelling. No Painful Red Marks.	https://hollowsocks.com/collections/best-sellers
28.5	HollowSocks_996706673370025	Hollow Alpaca Socks	50	STATIC	Alpaca Trades Socks Built for 100° Heat	https://hollowsocks.com/collections/best-sellers
28.6	HollowSocks_4492766167633503	Hollow Alpaca Socks	50	VIDEO	14+ Hours. No Swelling	https://hollowsocks.com/pages/a77-v3-evergreen-compression
28.7	HollowSocks_2287226848478870	Hollow Alpaca Socks	50	STATIC	Performance Alpaca Trades Socks For 14+ Hour Shifts	https://hollowsocks.com/collections/best-sellers
28.8	NeroClothing_1305721724615956	Nero Clothing	344	STATIC	Ditch Toxic Gym Shorts	https://nerofabric.com/pages/5-reasons-to-ditch-toxic-polyester
28.9	NeroClothing_1557012019041367	Nero Clothing	344	STATIC	{{product.name}}	https://nerofabric.com/pages/5-reasons-to-ditch-toxic-polyester
28.10	NeroClothing_808009078576546	Nero Clothing	344	VIDEO	Ditch Toxic Gym Shorts	https://nerofabric.com/pages/5-reasons-to-ditch-toxic-polyester
29.1	NeroClothing_2134448877383118	Nero Clothing	318	VIDEO	Ditch Toxic Gym Shorts	https://nerofabric.com/pages/5-reasons-to-ditch-toxic-polyester-v3
29.2	NeroClothing_2098853004283722	Nero Clothing	229	STATIC	Leave Polyester in 2025	https://nerofabric.com/pages/5-reasons-to-ditch-toxic-polyester-v2
29.3	NeroClothing_2108159886666948	Nero Clothing	229	STATIC	{{product.name}}	https://nerofabric.com/pages/5-reasons-nero-is-the-loro-piana-of-activewear
29.4	StarsHoney_966626235989995	Stars + Honey	101	STATIC	NEW: 🍋 Iced Lemon Cookie	https://starsandhoney.com/
29.5	StarsHoney_1556857363111446	Stars + Honey	101	STATIC	NEW: 💚🍪Mint Cookies & Cream	http://starsandhoney.com/
29.6	StarsHoney_1748765093028779	Stars + Honey	66	STATIC	180 Calories. 15g Protein. Only 2g Sugar!	http://starsandhoney.com/
29.7	StarsHoney_852767620861747	Stars + Honey	66	STATIC	Fall in love with your protein bar for the first time...	https://starsandhoney.com/
29.8	StarsHoney_1510121373932011	Stars + Honey	66	STATIC	🍒Cherry Chocolate Waffle Cone Is Here!	https://starsandhoney.com/
29.9	StarsHoney_1757708202253738	Stars + Honey	66	STATIC	NEW: 🤎🥜 Peanut Butter Mousse	https://starsandhoney.com/
29.10	IndustryOfAllNations_1452968902858334	Industry of All Nations	185	STATIC	{{product.name}}	https://industryofallnations.com/collections/natural-dyes
30.1	IndustryOfAllNations_884371894441575	Industry of All Nations	185	STATIC	{{product.name}}	https://industryofallnations.com/collections/underwear
30.2	IndustryOfAllNations_1205757241719548	Industry of All Nations	185	STATIC	The Indigo Production	https://fb.com/canvas_doc/2087290535104812
30.3	IndustryOfAllNations_2158408924696112	Industry of All Nations	185	STATIC	Iron 4	https://fb.com/canvas_doc/696881929432963
30.4	IndustryOfAllNations_1651747832515354	Industry of All Nations	185	STATIC	{{product.name}}	https://industryofallnations.com/collections/undyed-unbleached
30.5	IndustryOfAllNations_928093979732197	Industry of All Nations	174	STATIC	shop indigo wear	https://fb.com/canvas_doc/973402941710590
30.6	MotherFFoods_2455559308291710	MotherF Foods	98	VIDEO	Natural Doesn't Have To Taste Bad	https://motherf.com/products/the-mother-f-bar
30.7	MotherFFoods_824375927069191	MotherF Foods	98	VIDEO	This Feels Like Actual Food	https://motherf.com/products/the-mother-f-bar
30.8	MotherFFoods_1299310068380618	MotherF Foods	98	VIDEO	{{product.name}}	https://motherf.com/products/the-mother-f-bar
30.9	MotherFFoods_820611491107805	MotherF Foods	98	VIDEO	Tastes Like Food, Not A Lab	https://motherf.com/products/the-mother-f-bar
30.10	MotherFFoods_1494848188635023	MotherF Foods	50	VIDEO	He Was Skeptical. Then He Tried It.	https://motherf.com/products/the-mother-f-bar
31.1	MotherFFoods_1673243130624989	MotherF Foods	50	VIDEO	Nutrition Beyond Protein	https://motherf.com/products/the-mother-f-bar
31.2	rhode_971491768826079	rhode	100	STATIC		https://www.rhodeskin.com/
31.3	rhode_2322487578242728	rhode	100	STATIC		https://www.rhodeskin.com/
31.4	rhode_941008145639841	rhode	79	VIDEO	{{product.name}}	https://www.rhodeskin.com/products/highlight-milk-01
31.5	rhode_983028367876160	rhode	79	STATIC	{{product.name}}	https://www.rhodeskin.com/products/pocket-bronze-bake
31.6	rhode_1652277009224564	rhode	79	VIDEO	{{product.name}}	https://www.rhodeskin.com/collections/featured
31.7	TheOrdinary_1515830220567089	The Ordinary	56	VIDEO		https://theordinary.com/caffeine-escin-energizing-face-serum-100743.html
31.8	TheOrdinary_1795755214744654	The Ordinary	43	VIDEO		https://theordinary.com/category/best-sellers
31.9	TheOrdinary_1397767548906896	The Ordinary	30	VIDEO	{{product.name}}	https://theordinary.com/pore-playground.html
31.10	TheOrdinary_1063673326001259	The Ordinary	27	STATIC	{{product.name}}	https://theordinary.com/
32.1	TheOrdinary_1504819455018993	The Ordinary	27	VIDEO	Save 10% On Skincare.	https://fb.com/canvas_doc/2795192660846506
32.2	TheOrdinary_1060226386471780	The Ordinary	27	VIDEO	Meet Our Bestsellers.	https://fb.com/canvas_doc/1387953369944017
32.3	Glossier_1423144219569238	Glossier	92	VIDEO	{{product.name}}	https://www.glossier.com/products/fragrance-duo
32.4	Glossier_2174785086646188	Glossier	92	VIDEO	{{product.name}}	https://www.glossier.com/products/fragrance-trio
32.5	Glossier_2366950467049223	Glossier	86	VIDEO	{{product.name}}	https://www.glossier.com/products/fragrance-two-ways
32.6	Glossier_1539181381028094	Glossier	45	STATIC	{{product.name}}	https://buy.glossier.com/youduo-meta-rtn
32.7	Glossier_865604716315459	Glossier	44	STATIC	{{product.name}}	https://www.glossier.com/products/balm-dotcom-trio
32.8	Glossier_2019682535338394	Glossier	44	VIDEO	{{product.name}}	https://www.glossier.com/products/balm-line-duo
32.9	GlowRecipe_957262416905322	Glow Recipe	114	STATIC	{{product.name}}	https://www.glowrecipe.com/products/watermelon-milk-peptide-cushion-cream-refillable-moist
32.10	GlowRecipe_1324235585887099	Glow Recipe	69	STATIC	{{product.name}}	http://www.glowrecipe.com/
33.1	GlowRecipe_1396473435662703	Glow Recipe	44	STATIC	{{product.name}}	https://www.glowrecipe.com/products/banana-moisturizing-cream-shimmer-lip-treatment-duo
33.2	GlowRecipe_2008943969982479	Glow Recipe	44	VIDEO	A summer escape for your skin	https://www.glowrecipe.com/products/banana-moisturizing-cream-shimmer-lip-treatment-duo
33.3	Naturium_2080982952810040	Naturium	56	VIDEO		
33.4	Naturium_1411252727504305	Naturium	50	VIDEO	{{product.name}}	https://naturium.com/collections/best-sellers
33.5	Naturium_1349033540529118	Naturium	49	STATIC	{{product.name}}	https://naturium.com/products/dew-glow-moisturizer-mineral-spf-50
33.6	Naturium_1356980192625319	Naturium	38	STATIC	{{product.name}}	https://naturium.com/collections/dew-glow
33.7	Naturium_1028137736473959	Naturium	37	VIDEO		
33.8	Naturium_2260541574697205	Naturium	31	VIDEO		
33.9	PrimallyPure_1420242903341530	Primally Pure	17	STATIC	{{product.name}}	http://primallypure.com/
33.10	PrimallyPure_2089129811674000	Primally Pure	17	STATIC	{{product.name}}	https://primallypure.com/products/baby-balm
34.1	PrimallyPure_1758105898447458	Primally Pure	17	STATIC	{{product.name}}	https://primallypure.com/products/antioxidant-balm
34.2	PrimallyPure_1535905104942186	Primally Pure	17	STATIC	{{product.name}}	https://primallypure.com/collections/baby
34.3	PrimallyPure_1223069490895607	Primally Pure	17	VIDEO	{{product.name}}	https://primallypure.com/collections/tinted-skincare
34.4	PrimallyPure_1791095568725165	Primally Pure	17	STATIC	{{product.name}}	https://primallypure.com/collections/sunscreen
34.5	WonderValley_1231384355845815	Wonder Valley	197	VIDEO	Sandalwood Yuzu Shampoo & Conditioner 🚿🌿🍋	https://welcometowondervalley.com/collections/body-and-bath
34.6	WonderValley_809079078176361	Wonder Valley	197	VIDEO	{{product.name}}	https://welcometowondervalley.com/collections/body-and-bath
34.7	WonderValley_2100991457387487	Wonder Valley	184	VIDEO	NEW! Sandalwood Yuzu Shampoo & Conditioner 🚿🌿🍋	https://welcometowondervalley.com/collections/body-and-bath
34.8	WonderValley_771728178899867	Wonder Valley	184	STATIC	{{product.name}}	https://welcometowondervalley.com/collections/wild-garden-collection
34.9	WonderValley_26426723633682648	Wonder Valley	163	VIDEO	{{product.name}}	https://welcometowondervalley.com/collections/haircare-collection
34.10	WonderValley_1708118897205678	Wonder Valley	127	VIDEO	{{product.name}}	https://welcometowondervalley.com/products/olive-mask
35.1	FurtunaSkin_1042092778741370	Furtuna Skin	22	VIDEO	{{product.name}}	https://www.furtunaskin.com/products/triple-active-face-exfoliator
35.2	FurtunaSkin_1237035832829948	Furtuna Skin	15	STATIC	{{product.name}}	https://www.furtunaskin.com/products/porte-per-la-vitalita-face-and-eye-serum
35.3	FurtunaSkin_1306101344739076	Furtuna Skin	15	VIDEO		https://www.furtunaskin.com/collections/best-sellers
35.4	FurtunaSkin_1825976541719801	Furtuna Skin	15	VIDEO	{{product.name}}	https://www.furtunaskin.com/products/rinascita-delle-olive-replenishing-balm
35.5	FurtunaSkin_808163905675114	Furtuna Skin	15	VIDEO		https://www.furtunaskin.com/collections/best-sellers
35.6	FurtunaSkin_1250008273865671	Furtuna Skin	10	VIDEO		https://www.furtunaskin.com/products/triple-active-face-exfoliator
35.7	KylieCosmetics_2066267197254358	Kylie Cosmetics	105	VIDEO		https://kyliecosmetics.com/collections/summer-lip-essentials
35.8	KylieCosmetics_1014279774886195	Kylie Cosmetics	84	VIDEO	{{product.name}}	https://kyliecosmetics.com/collections/lip-butter
35.9	KylieCosmetics_4288653984732831	Kylie Cosmetics	83	VIDEO		https://kyliecosmetics.com/collections/lip-butter
35.10	KylieCosmetics_1357030192966086	Kylie Cosmetics	64	VIDEO		https://kyliecosmetics.com/collections/kylie-cosmetics-face-complexion
36.1	KylieCosmetics_1036725302372751	Kylie Cosmetics	64	STATIC	{{product.name}}	https://kyliecosmetics.com/collections/kylie-cosmetics-face-complexion
36.2	KylieCosmetics_2870285240002560	Kylie Cosmetics	41	STATIC	{{product.name}}	https://kyliecosmetics.com/
36.3	SleepGlow_962693959689243	Sleep&Glow	104	VIDEO		https://sleepandglow.com/
36.4	SleepGlow_35695303933451555	Sleep&Glow	91	STATIC	Sleep&Glow	https://sleepandglow.com/omnia-copper
36.5	SleepGlow_1292546289206327	Sleep&Glow	91	STATIC	Sleep&Glow	https://sleepandglow.com/
36.6	SleepGlow_1542201733914319	Sleep&Glow	91	VIDEO		https://sleepandglow.com/
36.7	SleepGlow_1345248754166144	Sleep&Glow	91	STATIC	Sleep&Glow	https://sleepandglow.com/
36.8	SleepGlow_27170476215970001	Sleep&Glow	90	STATIC		https://sleepandglow.com/
36.9	ALTFragrances_1269870265129253	ALT. Fragrances	101	VIDEO	Beautiful scents for less	https://altfragrances.com/products/reality
36.10	ALTFragrances_1475877587612168	ALT. Fragrances	101	STATIC	{{product.name}}	http://altfragrances.com/
37.1	ALTFragrances_4227275444083449	ALT. Fragrances	101	VIDEO	Beautiful scents for less	https://altfragrances.com/products/inspired-by-baccarat-rouge-540
37.2	ALTFragrances_994147343057232	ALT. Fragrances	101	VIDEO	Beautiful scents for less	https://altfragrances.com/collections/best-sellers
37.3	ALTFragrances_1666852684216674	ALT. Fragrances	101	VIDEO	Beautiful scents for less	https://altfragrances.com/products/alternative-to-aventus
37.4	ALTFragrances_856714083504754	ALT. Fragrances	101	VIDEO	Beautiful scents for less	https://altfragrances.com/products/immense
37.5	Dossier_1729443618301675	Dossier	38	STATIC	{{product.name}}	https://dossier.co/collections/vanilla-expressions
37.6	Dossier_1633012662161807	Dossier	38	STATIC	Dossier	https://dossier.co/collections/vanilla-expressions
37.7	Dossier_1134506249545770	Dossier	36	VIDEO		https://dossier.co/collections/vanilla-expressions
37.8	Dossier_1596572251883867	Dossier	36	STATIC	Dossier	https://dossier.co/collections/vanilla-expressions
37.9	Dossier_1795582088103972	Dossier	36	STATIC	Dossier	https://dossier.co/collections/vanilla-expressions
37.10	Dossier_1375198114541782	Dossier	36	STATIC	Dossier	https://dossier.co/collections/vanilla-expressions
38.1	PHLUR_1687526978966282	PHLUR	48	STATIC	{{product.name}}	https://www.sephora.com/brand/phlur
38.2	PHLUR_1084749344493566	PHLUR	14	STATIC	Find Your New Favorite PHLUR Scent	https://www.sephora.com/brand/phlur
38.3	PHLUR_1364700135827864	PHLUR	8	STATIC	Vanilla Blackberry Body Mist	https://phlur.com/products/vanilla-blackberry-body-mist
38.4	PHLUR_997775606614469	PHLUR	8	VIDEO		https://phlur.com/products/vanilla-canyon-50ml
38.5	PHLUR_1409001407889827	PHLUR	8	STATIC	{{product.name}}	https://phlur.com/products/vanilla-canyon-50ml
38.6	PHLUR_2298076690941213	PHLUR	8	STATIC	NEW Mini Perfume Coffret	https://phlur.com/products/coffret-mini-perfume-set
38.7	LeLabo_2567739097002048	Le Labo	26	STATIC	{{product.name}}	https://www.lelabofragrances.com/city-exclusives-discovery.html
38.8	LeLabo_1588994919517326	Le Labo	26	VIDEO	{{product.name}}	https://www.lelabofragrances.com/city-exclusive-collection/shiu-25
38.9	LeLabo_1024255823859411	Le Labo	26	STATIC	{{product.name}}	https://www.lelabofragrances.com.au/city-exclusives-discovery.html
38.10	LeLabo_2232002970976607	Le Labo	1	STATIC		https://www.lelabofragrances.com/the-city-exclusives-event.html
39.1	DSDurga_1683509152832343	D.S. & DURGA	133	STATIC	{{product.name}}	http://www.dsanddurga.com/
39.2	DSDurga_1019449404257406	D.S. & DURGA	15	STATIC	{{product.name}}	https://www.dsanddurga.com/products/i-dont-know-what
39.3	DSDurga_1034738955974439	D.S. & DURGA	15	STATIC	{{product.name}}	https://www.dsanddurga.com/products/steamed-rainbow
39.4	DSDurga_1582881046967106	D.S. & DURGA	15	VIDEO	{{product.name}}	https://www.dsanddurga.com/products/debaser-in-bloom
39.5	Aroma360_1649697286326258	Aroma360	96	VIDEO		https://aroma360.com/products/mini-pro
39.6	Aroma360_1436373568240628	Aroma360	96	VIDEO		https://aroma360.com/products/mini-pro
39.7	Aroma360_3440331269460903	Aroma360	96	VIDEO	Luxury Home Scenting	https://aroma360.com/products/mini-pro
39.8	Aroma360_2026728334905472	Aroma360	87	STATIC	Aroma360	https://aroma360.com/products/exhale-1
39.9	Aroma360_1538367167701384	Aroma360	87	STATIC	Aroma360	https://aroma360.com/collections/my-way
39.10	Aroma360_1019676190735570	Aroma360	87	STATIC	Aroma360	https://aroma360.com/collections/iris
40.1	Aesop_1057153566813947	Aesop	35	STATIC	{{product.name}}	https://www.aesop.com/hand-body/hand-washes-balms/reverence-aromatique-hand-wash/BT17.html
40.2	Aesop_1330046119283154	Aesop	35	STATIC	{{product.name}}	https://www.aesop.com/hand-body/hand-washes-balms/resurrection-aromatique-hand-wash/BT13.h
40.3	Aesop_1061761280147370	Aesop	24	STATIC	{{product.name}}	https://www.aesop.com/home-fragrance/bathroom-deodorisers-pets/post-poo-drops/FR16.html
40.4	Aesop_1610008977456984	Aesop	17	VIDEO	{{product.name}}	https://www.aesop.com/post-poo-drops-us-2026.html
40.5	Aesop_1594091062399820	Aesop	1	STATIC	Sample a beloved formula	https://www.aesop.com/shop-all/
40.6	CHANEL_2052580365389737	CHANEL	30	VIDEO		https://www.chanel.com/us/chanel-connects-podcast/season-6/
40.7	CHANEL_2203729257087564	CHANEL	30	VIDEO		https://www.chanel.com/us/chanel-connects-podcast/season-6/
40.8	CHANEL_1692261748693557	CHANEL	30	VIDEO		https://www.chanel.com/us/chanel-connects-podcast/season-6/
40.9	CHANEL_1646768014123721	CHANEL	30	VIDEO		https://www.chanel.com/us/chanel-connects-podcast/season-6/
40.10	CHANEL_1039254075499549	CHANEL	30	VIDEO		https://www.chanel.com/us/chanel-connects-podcast/season-6/
41.1	CHANEL_1394412589274438	CHANEL	30	VIDEO		https://www.chanel.com/us/chanel-connects-podcast/season-6/
41.2	Gucci_2255769571903547	Gucci	24	VIDEO	Explore Our Selection	https://fb.com/canvas_doc/1449744337162781
41.3	Gucci_1523804758948608	Gucci	24	VIDEO	Explore Our Selection	https://fb.com/canvas_doc/872071845883508
41.4	Gucci_997742059750231	Gucci	24	STATIC	Ace Sneaker	https://fb.com/canvas_doc/1573870854370304
41.5	Gucci_1522131072728244	Gucci	24	STATIC	The Giglio	https://fb.com/canvas_doc/2729502007451136
41.6	Gucci_1356329483303332	Gucci	24	STATIC	Explore Our Selection	https://fb.com/canvas_doc/1452780146885408
41.7	Gucci_2074335669847696	Gucci	21	STATIC		https://www.gucci.com/us/en/ca/women/handbags/mini-bags-for-women-c-women-handbags-mini-ba
41.8	Brooklinen_1677177466801038	Brooklinen	115	STATIC	{{product.name}}	https://www.brooklinen.com/
41.9	Brooklinen_1648799589488990	Brooklinen	115	STATIC	{{product.name}}	https://www.brooklinen.com/
41.10	Brooklinen_3230852673786287	Brooklinen	115	STATIC	{{product.name}}	https://www.brooklinen.com/
42.1	Brooklinen_3974712799325438	Brooklinen	73	VIDEO	{{product.name}}	https://www.brooklinen.com/collections/robes
42.2	Brooklinen_1003086335465308	Brooklinen	66	VIDEO	{{product.name}}	https://www.brooklinen.com/collections/super-plush-towels
42.3	Brooklinen_1163422952667237	Brooklinen	52	STATIC	{{product.name}}	https://www.brooklinen.com/
42.4	BollBranch_982849241312231	Boll & Branch	71	STATIC	{{product.name}}	http://www.bollandbranch.com/
42.5	BollBranch_1021185933843555	Boll & Branch	59	STATIC	{{product.name}}	http://www.bollandbranch.com/
42.6	BollBranch_1011659338168953	Boll & Branch	45	STATIC	{{product.name}}	https://www.bollandbranch.com/discount/SOFT2026
42.7	BollBranch_1383519833686590	Boll & Branch	45	STATIC	{{product.name}}	https://www.bollandbranch.com/products/cooling-percale-sheet-set/
42.8	BollBranch_867773499739070	Boll & Branch	45	STATIC	{{product.name}}	http://www.bollandbranch.com/
42.9	BollBranch_934759276317684	Boll & Branch	45	STATIC	{{product.name}}	https://www.bollandbranch.com/products/linen-sheet-set-airy/
42.10	Casper_2248685125971563	Casper	97	STATIC	{{product.name}}	https://casper.com/products/casper-cloud-one-foam
43.1	Casper_2020979711962645	Casper	97	STATIC	{{product.name}}	https://casper.com/collections/bundle-save
43.2	Casper_4456780087928471	Casper	97	STATIC	{{product.name}}	https://casper.com/collections/mattresses
43.3	Casper_26892645257065195	Casper	97	STATIC	{{product.name}}	https://casper.com/products/casper-one-foam
43.4	Casper_2102911693946755	Casper	64	VIDEO	{{product.name}}	https://casper.com/products/casper-dream-max-hybrid
43.5	Casper_1803651187715437	Casper	28	VIDEO		https://casper.com/collections/mattresses
43.6	Saatva_2104314496785528	Saatva	20	VIDEO		http://saatva.com/
43.7	Saatva_1623279639331348	Saatva	15	VIDEO		http://saatva.com/
43.8	Saatva_1596659062122347	Saatva	15	VIDEO		http://saatva.com/
43.9	Saatva_1000516859474756	Saatva	13	STATIC	Saatva Classic Mattress	https://www.saatva.com/
43.10	Saatva_1043443398678792	Saatva	6	VIDEO		http://saatva.com/
44.1	Saatva_1943378210192646	Saatva	6	VIDEO		http://saatva.com/
44.2	TheOodie_969215192572044	The Oodie	92	STATIC	{{product.name}}	https://us.theoodie.com/
44.3	TheOodie_1563077702039476	The Oodie	59	VIDEO	Cool Nights Start Here ☀️	https://us.theoodie.com/collections/oodie-sleep-tees
44.4	TheOodie_3024180341110066	The Oodie	59	VIDEO	The Blanket that Beats the Heat ❄️	https://us.theoodie.com/collections/cooling-blankets
44.5	TheOodie_1847131029581281	The Oodie	59	VIDEO	✨ The Robe You'll Live In All Summer	https://us.theoodie.com/collections/oodie-robes#/filter:data-category:summer-robe/sort:dat
44.6	TheOodie_1338170158460280	The Oodie	58	VIDEO	Up to 50% Off Selected Sleep Tees!	https://us.theoodie.com/collections/oodie-sleep-tees
44.7	TheOodie_4315373362018887	The Oodie	58	VIDEO	{{product.name}}	https://us.theoodie.com/collections/oodie-sleep-tees
44.8	PotteryBarn_1337636918417872	Pottery Barn	115	STATIC	Pottery Barn	https://www.potterybarn.com/shop/bedding/all-bedding/
44.9	PotteryBarn_2077105043223118	Pottery Barn	85	VIDEO	{{product.name}}	https://www.potterybarn.com/shop/bedding/all-bedding/
44.10	PotteryBarn_27561040460194988	Pottery Barn	85	VIDEO	{{product.name}}	https://www.potterybarn.com/shop/furniture/coffee-tables/
45.1	PotteryBarn_2411928895984103	Pottery Barn	70	VIDEO	{{product.name}}	https://www.potterybarn.com/shop/new/all-new/
45.2	PotteryBarn_4346048098951677	Pottery Barn	49	VIDEO		https://www.potterybarn.com/shop/new/home-tour-kittle-family/
45.3	PotteryBarn_1934160207246178	Pottery Barn	49	VIDEO		https://www.potterybarn.com/shop/bedding/all-bedding/
45.4	Sutera_1341858391370578	Sutera	70	VIDEO	{{product.name}}	https://sleepsutera.com/pages/stone-bath-mat
45.5	Sutera_1338219061575402	Sutera	70	STATIC	{{product.name}}	https://sleepsutera.com/pages/silverthread-bath-towel
45.6	Sutera_1639344990463327	Sutera	45	VIDEO	{{product.name}}	https://sleepsutera.com/pages/dream-deep
45.7	Sutera_1085560410555745	Sutera	9	VIDEO	Goodbye Soggy Bath Mats	https://sleepsutera.com/pages/stone-bath-mat
45.8	DozeBedding_2099476594187874	Doze Bedding	182	VIDEO	Duvet the Right Way	https://www.dozebedding.com/
45.9	DozeBedding_1677889860064885	Doze Bedding	182	VIDEO	The Fastest, Most Luxurious Duvet Ever	https://www.dozebedding.com/
45.10	DozeBedding_789087646994376	Doze Bedding	182	VIDEO	Better Sleep Starts with Doze	https://www.dozebedding.com/
46.1	DozeBedding_939283831967313	Doze Bedding	182	STATIC	{{product.name}}	https://www.dozebedding.com/
46.2	DozeBedding_1434586225094654	Doze Bedding	95	VIDEO	HOTEL BED HACK	https://www.dozebedding.com/
46.3	TheNorthFace_4378042542483678	The North Face	78	STATIC	The North Face (@thenorthface) • Instagram photos and videos	https://www.instagram.com/thenorthface
46.4	TheNorthFace_1038089578893695	The North Face	78	STATIC	The North Face (@thenorthface) • Instagram photos and videos	https://www.instagram.com/thenorthface
46.5	TheNorthFace_1101885889683113	The North Face	70	STATIC	The North Face (@thenorthface) • Instagram photos and videos	https://www.instagram.com/thenorthface/
46.6	TheNorthFace_989399567316931	The North Face	66	STATIC	The North Face (@thenorthface) • Instagram photos and videos	https://www.instagram.com/thenorthface/
46.7	TheNorthFace_1002280089254766	The North Face	66	STATIC	The North Face (@thenorthface) • Instagram photos and videos	https://www.instagram.com/thenorthface/
46.8	TheNorthFace_763321316838782	The North Face	66	STATIC	The North Face (@thenorthface) • Instagram photos and videos	https://www.instagram.com/thenorthface
46.9	BlackDiamond_1598086181527990	Black Diamond	181	STATIC	{{product.name}}	https://www.blackdiamondequipment.com/en_US/
46.10	BlackDiamond_1444597207129408	Black Diamond	181	STATIC	{{product.name}}	https://www.blackdiamondequipment.com/en_US/
47.1	BlackDiamond_1245115920429953	Black Diamond	181	STATIC	Made for the Mountains	https://www.blackdiamondequipment.com/en_US/
47.2	BlackDiamond_1809043286399444	Black Diamond	181	STATIC	Clothing That’s Built to Move	https://www.blackdiamondequipment.com/en_US/
47.3	BlackDiamond_1906855836628938	Black Diamond	156	VIDEO	Go Full Send	https://blackdiamondequipment.com/collections/climb-equipment
47.4	BlackDiamond_811827688052794	Black Diamond	156	STATIC	{{product.name}}	https://blackdiamondequipment.com/collections/hiking
47.5	Teva_1001221666097433	Teva	65	STATIC	{{product.name}}	https://www.teva.com/new-arrivals/
47.6	Teva_4363954490581544	Teva	65	STATIC	{{product.name}}	https://www.teva.com/
47.7	Teva_1630766158030308	Teva	57	STATIC		https://www.teva.com/p/women/hurricane-ampsole-gaila-sandal/1164570
47.8	Teva_878085878128018	Teva	57	STATIC		https://www.teva.com/women-sandals/tirra-sport-hiking-sandal/1173720.html
47.9	Teva_1336325724609924	Teva	57	STATIC		https://www.teva.com/p/1156131
47.10	Teva_1585719909598759	Teva	57	STATIC	TEVA Hurricane XLT3 Closed-Toe Sandal for Women | TEVA®	https://www.teva.com/p/women-sandals/hurricane-xlt3-closed-toe-sandal/1173723
48.1	HoneyStinger_26683413331275301	Honey Stinger	132	STATIC	{{product.name}}	https://honeystinger.com/collections/caffeinated-chews
48.2	HoneyStinger_1268824808561729	Honey Stinger	132	VIDEO	{{product.name}}	https://honeystinger.com/collections/electrolyte-gels
48.3	HoneyStinger_3943633542437031	Honey Stinger	128	VIDEO	{{product.name}}	https://honeystinger.com/collections/nut-butter-energy-waffles
48.4	HoneyStinger_1337042871809511	Honey Stinger	128	STATIC	{{product.name}}	http://www.honeystinger.com/
48.5	HoneyStinger_1537434194656055	Honey Stinger	115	VIDEO	{{product.name}}	https://honeystinger.com/collections/all-energy-chews
48.6	HoneyStinger_1294107115511359	Honey Stinger	115	VIDEO	{{product.name}}	https://honeystinger.com/collections/all-energy-gels
48.7	SkratchLabs_1696625208271490	Skratch Labs	76	VIDEO		https://www.skratchlabs.com/
48.8	SkratchLabs_2000915907297745	Skratch Labs	76	VIDEO		https://www.skratchlabs.com/
48.9	SkratchLabs_1362533019120702	Skratch Labs	75	VIDEO		https://www.skratchlabs.com/
48.10	SkratchLabs_28364434729811461	Skratch Labs	57	VIDEO		https://www.skratchlabs.com/
49.1	SkratchLabs_2469789563523136	Skratch Labs	56	STATIC	{{product.name}}	https://www.skratchlabs.com/products/unsweetened-hydration-sport-drink-mix
49.2	SkratchLabs_2958362997833933	Skratch Labs	56	VIDEO	Don't Dread Your Hydration	https://www.skratchlabs.com/
49.3	KEEN_849655061515748	KEEN	108	STATIC	{{product.name}}	https://www.keenfootwear.com/
49.4	KEEN_787548177622872	KEEN	108	STATIC	{{product.name}}	https://www.keenfootwear.com/collections/shop-by-activity/
49.5	KEEN_2916393345367915	KEEN	108	STATIC	{{product.name}}	https://www.keenfootwear.com/collections/shop-by-activity/
49.6	KEEN_1769243950727189	KEEN	108	STATIC	{{product.name}}	https://www.keenfootwear.com/collections/shop-by-activity/
49.7	KEEN_1601790734842905	KEEN	108	STATIC	{{product.name}}	https://www.keenfootwear.com/collections/shop-by-activity/
49.8	KEEN_3206881682836947	KEEN	107	STATIC	{{product.name}}	https://www.keenfootwear.com/collections/shop-by-activity/
49.9	Chaco_1018325850525454	Chaco	126	STATIC	{{product.name}}	https://ad.doubleclick.net/ddm/clk/634854793;441055879;b;gdpr=$%7BGDPR%7D;gdpr_consent=$%7
49.10	Chaco_960773526947141	Chaco	99	STATIC	{{product.name}}	https://ad.doubleclick.net/ddm/clk/639726660;445200636;k;gdpr=$%7BGDPR%7D;gdpr_consent=$%7
50.1	Chaco_2332496300907205	Chaco	99	STATIC	Lighten Up. Explore More.	https://ad.doubleclick.net/ddm/clk/638265971;445200636;m;gdpr=$%7BGDPR%7D;gdpr_consent=$%7
50.2	Chaco_1310343763770767	Chaco	99	STATIC	{{product.name}}	https://ad.doubleclick.net/ddm/clk/639174616;445200636;i;gdpr=$%7BGDPR%7D;gdpr_consent=$%7
50.3	Chaco_1307031467523772	Chaco	99	STATIC	{{product.name}}	https://ad.doubleclick.net/ddm/clk/638265977;445200636;s;gdpr=$%7BGDPR%7D;gdpr_consent=$%7
50.4	Chaco_2210864346410503	Chaco	99	STATIC	{{product.name}}	https://ad.doubleclick.net/ddm/clk/639731459;445200636;m;gdpr=$%7BGDPR%7D;gdpr_consent=$%7
50.5	CamelBak_1924331128231021	CamelBak	121	VIDEO	{{product.name}}	https://www.camelbak.com/activities/hiking/
50.6	CamelBak_1664996467964464	CamelBak	121	VIDEO		https://www.camelbak.com/activities/cycling/
50.7	CamelBak_1694669441568597	CamelBak	121	STATIC	{{product.name}}	https://www.camelbak.com/product/podium%C2%AE-steel-18oz-bike-bottle/CB-2964.html
50.8	CamelBak_2231068997698799	CamelBak	121	VIDEO	{{product.name}}	https://www.camelbak.com/activities/cycling/vests/
50.9	CamelBak_956401477307947	CamelBak	121	VIDEO	{{product.name}}	https://www.camelbak.com/product/apex%E2%84%A2-pro-run-vest/CB-2940.html
50.10	CamelBak_1279051307724861	CamelBak	118	VIDEO		https://www.camelbak.com/product/apex%E2%84%A2-pro-run-vest/CB-2940.html